id,name,product_no_vintage_id
1,AALTO PS Tinto Fino 2008,1
2,AALTO PS Tinto Fino 2010,1
3,AALTO PS Tinto Fino 2011,1
4,AALTO Tinto Fino 2008,2
5,AALTO Tinto Fino 2010,2
6,AALTO Tinto Fino 2012,2
7,Achaval Ferrer Cabernet Sauvignon Mendoza 2014,3
8,Achaval Ferrer Finca Altamira Malbec (1500ml) 2011,5
9,Achaval Ferrer Finca Altamira Malbec (1500ml) 2011 OLD,5
10,Achaval Ferrer Finca Altamira Malbec 2009,4
11,Achaval Ferrer Finca Altamira Malbec 2011,4
12,Achaval Ferrer Finca Bella Vista Malbec (1500ml) 2011,7
13,Achaval Ferrer Finca Bella Vista Malbec 2009,6
14,Achaval Ferrer Finca Bella Vista Malbec 2011,6
15,Achaval Ferrer Finca Mirador Malbec 2011,8
16,Achaval Ferrer Malbec Mendoza 2011,9
17,Achaval Ferrer Malbec Mendoza 2012,9
18,Achaval Ferrer Malbec Mendoza 2013,9
19,Achaval Ferrer Malbec Mendoza 2013 Perth,9
20,Achaval Ferrer Malbec Mendoza 2014,9
21,Achaval Ferrer Malbec Mendoza 2014 Perth,9
22,Achaval Ferrer Quimera Blend 2009,10
23,Achaval Ferrer Quimera Blend 2011,10
24,Adjustment,11
25,Altanza Artist Collection Dalí Reserva Tempranillo 2004,12
26,Altanza Artist Collection Gaudí Reserva Tempranillo 2005,13
27,Altanza Club Lealtanza Reserva Tempranillo 2005,14
28,Altanza Edulis Blanco Sauvignon Blanc 2010,15
29,Altanza Edulis Blanco Sauvignon Blanc 2011,15
30,Altanza Edulis Blanco Sauvignon Blanc 2012,15
31,Altanza Edulis Blanco Sauvignon Blanc 2012 Perth,15
32,Altanza Edulis Blanco Sauvignon Blanc 2015,15
33,Altanza Edulis Crianza Tempranillo (1500ml) 2007,17
34,Altanza Edulis Crianza Tempranillo (375ml) 2007,18
35,Altanza Edulis Crianza Tempranillo (750ml) 2007,16
36,Altanza Edulis Crianza Tempranillo 2009,16
37,Altanza Edulis Crianza Tempranillo 2010,16
38,Altanza Edulis Crianza Tempranillo 2011,16
39,Altanza Edulis Crianza Tempranillo 2011 Perth,16
40,Altanza Edulis Crianza Tempranillo 2013,16
41,Altanza Edulis Gran Reserva Tempranillo 2001,19
42,Altanza Edulis Gran Reserva Tempranillo 2008,19
43,Altanza Edulis Joven Tempranillo 2015,20
44,Altanza Edulis Reserva Tempranillo (1500ml) 2005,22
45,Altanza Edulis Reserva Tempranillo (3000ml) 2005,23
46,Altanza Edulis Reserva Tempranillo (375ml) 2005,24
47,Altanza Edulis Reserva Tempranillo (5000ml) 2005,25
48,Altanza Edulis Reserva Tempranillo (750ml) 2005,21
49,Altanza Edulis Reserva Tempranillo 2008,21
50,Altanza Edulis Reserva Tempranillo 2010,21
51,Altanza Edulis Tempranillo 2009,26
52,Altanza Edulis Tempranillo 2010,26
53,Altanza Edulis Tempranillo 2011,26
54,Altanza Edulis Tempranillo 2012,26
55,Altanza Edulis Tempranillo 2014,26
56,Altanza Edulis Tempranillo Rosé 2010,27
57,Altanza Edulis Tempranillo Rosé 2011,27
58,Altanza Edulis Tempranillo Rosé 2012,27
59,Altanza Edulis Tempranillo Rosé 2013,27
60,Altanza Edulis Tempranillo Rosé 2013 Perth,27
61,Altanza Edulis Tempranillo Rosé 2015,27
62,Altanza Edulis Vendimia Seleccionada Tempranillo 2004,28
63,Altas Cumbres Mixed Half Dozen,29
64,Alto de la Ballena Cabernet Franc Merlot Rosé 2011,30
65,Alto de la Ballena Red Blend 2010,34
66,Alto de la Ballena Red Blend 2011,31
67,Alto de la Ballena Reserva Cabernet Franc 2008,32
68,Alto de la Ballena Reserva Tannat Viognier 2009,33
69,Altocedro Año Cero Cabernet Sauvignon 2011,35
70,Altocedro Año Cero Malbec 2011,36
71,Altocedro Año Cero Malbec 2014,36
72,Altocedro Año Cero Pinot Noir 2014,37
73,Altocedro Año Cero Tempranillo 2011,38
74,Altocedro Gran Reserva Malbec 2009,39
75,Altocedro Reserva Malbec 2010,40
76,Amayna Barrel Fermented Sauvignon Blanc 2008,41
77,Amayna Boya Chardonnay 2013,42
78,Amayna Boya Pinot Noir 2012,43
79,Amayna Boya Pinot Noir 2015,43
80,Amayna Boya Sauvignon Blanc 2013,44
81,Amayna Boya Sauvignon Blanc 2015,44
82,Amayna Boya Syrah 2013,45
83,Amayna Chardonnay 2009,46
84,Amayna Pinot Noir 2010,47
85,Amayna Pinot Noir 2012,47
86,Amayna Sauvignon Blanc 2011,48
87,Amayna Sauvignon Blanc 2013,48
88,Amayna Syrah 2010,49
89,Amayna Syrah 2013,49
90,Ànima Negra ÀN Callet (1500ml) 2010,51
91,Ànima Negra ÀN Callet (3000ml) 2010,52
92,Ànima Negra ÀN Callet 2010,50
93,Ànima Negra ÀN/2 Blend (1500ml) 2010,54
94,Ànima Negra ÀN/2 Blend 2010,53
95,Ànima Negra ÀN/2 Blend 2012,53
96,Ànima Negra ÀN/2 Blend 2012 Screw Cap,53
97,Ànima Negra Quibia Premsal Callet 2010,55
98,Ànima Negra Quibia Premsal Callet 2010 Perth,55
99,Ànima Negra Quibia Premsal Callet 2013,55
100,Ànima Negra Son Negre Callet (1500ml) 2010,57
101,Ànima Negra Son Negre Callet 2010,56
102,APRON Altanza,58
103,Aquitania Cabernet Sauvignon Syrah Rosé 2012,59
104,Aquitania Cabernet Sauvignon Syrah Rosé 2013,59
105,Aquitania Cabernet Sauvignon Syrah Rosé 2014,59
106,Aquitania Lazuli Cabernet Sauvignon 2004,60
107,Aquitania Lazuli Cabernet Sauvignon 2006,60
108,Aquitania Lazuli Cabernet Sauvignon 2006 Perth,60
109,Aquitania Lazuli Cabernet Sauvignon 2013,60
110,Aquitania Reserva Cabernet Sauvignon (375ml) 2009,62
111,Aquitania Reserva Cabernet Sauvignon 2010,61
112,Aquitania Reserva Cabernet Sauvignon 2011,61
113,Aquitania Reserva Cabernet Sauvignon 2012,61
114,Aquitania Reserva Cabernet Sauvignon 2013,61
115,Aquitania Reserva Cabernet Sauvignon 2014,61
116,Aquitania Reserva Carménère 2011,63
117,Aquitania Reserva Carménère 2014,63
118,Aquitania Reserva Carménère 2015,63
119,Aquitania Reserva Syrah 2010,64
120,Aquitania Reserva Syrah 2011,64
121,Aquitania Reserva Syrah 2014,64
122,Aquitania SOLdeSOL Chardonnay 2009,65
123,Aquitania SOLdeSOL Chardonnay 2009 Perth,65
124,Aquitania SOLdeSOL Pinot Noir 2009,66
125,Aquitania SOLdeSOL Pinot Noir 2010,66
126,Argentina Deluxe Full Dozen,67
127,Argentina Deluxe Half Dozen,68
128,Argentina Finest Full Dozen,69
129,Argentina Finest Half Dozen,70
130,Argentina Mixed Full Dozen,71
131,Argentina Mixed Half Dozen,72
132,Argentina RED Full Dozen,73
133,Argentina RED Half Dozen,74
134,Argentina's Finest Mixed Dozen,75
135,Argentina's Finest Mixed Half Dozen,76
136,Argentinian & Spanish Fundraising Mixed Dozen,77
137,Argentinian & Spanish Fundraising Premium Mixed Dozen,78
138,Argentinian Mixed Dozen,79
139,Argentinian Mixed Half Dozen,80
140,Argentinian Mixed Reds Full Dozen,81
141,Argentinian Mixed Reds Half Dozen,82
142,Argentinian Premium Mixed Dozen,83
143,Argentinian Premium Mixed Half Dozen,84
144,Argentinian White Wine Selection Dozen,85
145,Argentinian White Wine Selection Half Dozen,86
146,Athenaeum Club August Mixed Dozen,87
147,Athenaeum Club October Spanish Mixed Dozen,88
148,BAG Lagarde,89
149,BANNER Giro Ribot UFW - LOAN ONLY,90
150,BANNER Juve y Camps SDF - LOAN ONLY,91
151,BANNER Paco Garcia UFW - LOAN ONLY,92
152,BANNER Terra de Falanis BL BLA BLA - LOAN ONLY,93
153,BANNER Terra de Falanis MUAC - LOAN ONLY,94
154,BANNER UFW branded mountains - LOAN ONLY,95
155,BANNER UFW branded with logos - LOAN ONLY,96
156,BANNER Vinedo de los Vientos UFW - LOAN ONLY,97
157,Bouza A8 Unique Parcel Tannat 2010,98
158,Bouza Albarin?o 2012,99
159,Bouza B15 Unique Parcel Tempranillo 2011,100
160,Bouza B6 Unique Parcel Tannat 2010,101
161,Bouza B9 Unique Parcel Merlot 2011,102
162,Bouza Chardonnay 2011,103
163,Bouza Clásico Tannat 2010,104
164,Bouza Clásico Tannat 2010 Perth,104
165,Bouza Clásico Tannat 2011,104
166,Bouza Monte Vide Eu Red Blend 2010,105
167,Bouza Old Vine Merlot Tannat 2011,106
168,BOX Achaval Ferrer 2 bottle,107
169,BOX Lagarde Altas medium,108
170,BOX Lagarde medium,109
171,BOX Lagarde medium Cab Mal,110
172,BOX Lagarde small,111
173,BOX Lagarde small Cab,112
174,BOX Maquis 1 btl,113
175,BOX Maquis 2tl,114
176,BOX Paco Garcia 3btl,115
177,BOX Paul Cheneau 1 btl,116
178,BOX Quintay 1 btl,117
179,BUCKET Giro Ribot,118
180,BUCKET Paul Cheneau,119
181,Caelum Cabernet Sauvignon 2009,120
182,Caelum Cabernet Sauvignon 2012,120
183,Caelum Chardonnay 2010,121
184,Caelum Chardonnay 2011,121
185,Caelum Malbec 2009,122
186,Caelum Malbec 2010,122
187,Caelum Malbec 2011,122
188,Caelum Malbec 2011 Perth,122
189,Caelum Malbec 2012,122
190,Caelum Malbec 2013,122
191,Caelum Malbec Cabernet Sauvignon Rosado 2010,123
192,Caelum Malbec Cabernet Sauvignon Rosado 2011,123
193,Caelum Malbec Cabernet Sauvignon Rosado 2012,123
194,Caelum Malbec Cabernet Sauvignon Rosado 2013,123
195,Caelum Malbec Cabernet Sauvignon Rosado 2015,123
196,Caelum Nuvola Dolce Appassito Sweet Malbec (375ml) 2010,124
197,Caelum Reserva Cabernet Sauvignon 2009,125
198,Caelum Reserva Cabernet Sauvignon 2010,125
199,Caelum Reserva Chardonnay 2009,126
200,Caelum Reserva Fiano 2012,127
201,Caelum Reserva Malbec 2009,128
202,Caelum Reserva Malbec 2011,128
203,Caelum Torrontés 2012,129
204,Caelum Torrontés 2013,129
205,Caelum Torrontés 2013 WS Perth,129
206,Caelum Torrontés 2014,129
207,Caelum Torrontés 2015,129
208,Camilo Castilla Capricho de Goya Moscatel (500ml),130
209,Camilo Castilla Goya Blanco Dulce Moscatel (500ml),131
210,Camilo Castilla Goya Moscatel (375ml),133
211,Camilo Castilla Goya Moscatel (750ml),132
212,Camilo Castilla Montecristo Blanco Dulce Moscatel,134
213,Camilo Castilla Rayo de Sol Moscatel,135
214,Carrau 1752 Gran Tradicion Petit Manseng 2010,136
215,Carrau 1752 Gran Tradicion Petit Manseng 2010 Perth,136
216,Carrau 1752 Gran Tradicion Petit Manseng 2011,136
217,Carrau 1752 Gran Tradicion Red Blend 2009,137
218,Carrau 1752 Gran Tradicion Red Blend 2010,137
219,Carrau AMAT Tannat 2007,138
220,Carrau Cabernet Sauvignon de Reserva 2010,139
221,Carrau Cabernet Sauvignon de Reserva 2011,139
222,Carrau Chardonnay de Reserva 2011,140
223,Carrau Chardonnay de Reserva 2012,140
224,Carrau Juan Carrau Cabernet Sauvignon 2011,141
225,Carrau Juan Carrau Cabernet Sauvignon 2012,141
226,Carrau Juan Carrau Chardonnay 2012,142
227,Carrau Juan Carrau Chardonnay 2013,142
228,Carrau Juan Carrau Merlot 2012,143
229,Carrau Juan Carrau Sauvignon Blanc 2012,144
230,Carrau Juan Carrau Sauvignon Blanc 2013,144
231,Carrau Juan Carrau Tannat 2011,145
232,Carrau Juan Carrau Tannat 2011 Perth,145
233,Carrau Pinot Noir de Reserva 2011,146
234,Carrau Sur Lie Sauvignon Blanc 2012,147
235,Carrau Tannat de Reserva 2010,148
236,Carrau Tannat de Reserva 2010 Perth,148
237,Carrau Tannat de Reserva 2011,148
238,Carrau Tannat Saignée Rosé 2012,149
239,Carrau VILASAR Old Vine Nebbiolo 2004,150
240,Carrau YSERN Cabernet Cabernet 2007,151
241,Carrau YSERN Cabernet Cabernet 2007 Perth,151
242,Carrau YSERN Tannat Tannat 2007,152
243,Casa Marín Cartagena Estate Grown Gewürztraminer 2012,153
244,Casa Marín Cartagena Estate Grown Gewürztraminer 2013,153
245,Casa Marín Cartagena Estate Grown Riesling 2009,154
246,Casa Marín Cartagena Estate Grown Riesling 2011,154
247,Casa Marín Cartagena Estate Grown Riesling 2011 Perth,154
248,Casa Marín Cartagena Estate Grown Riesling 2013,154
249,Casa Marín Cartagena Estate Grown Sauvignon Blanc 2011,155
250,Casa Marín Cartagena Estate Grown Sauvignon Blanc 2012,155
251,Casa Marín Cartagena Estate Grown Sauvignon Blanc 2012 Perth,155
252,Casa Marín Cartagena Estate Grown Sauvignon Blanc 2013,155
253,Casa Marín Cartagena Tres Vin?edos Pinot Noir 2010,156
254,Casa Marín Cartagena Tres Vin?edos Pinot Noir 2011,156
255,Casa Marín Cartagena Tres Vin?edos Pinot Noir 2013,156
256,Casa Marín Casona Vineyard Gewürztraminer 2012,157
257,Casa Marín Cipreses Vineyard Sauvignon Blanc 2011,158
258,Casa Marín Estero Vineyard Sauvignon Gris 2011,159
259,Casa Marín Estero Vineyard Sauvignon Gris 2012,159
260,Casa Marín Laurel Vineyard Sauvignon Blanc 2010,160
261,Casa Marín Laurel Vineyard Sauvignon Blanc 2011,160
262,Casa Marín Lo Abarca Hills Vineyard Pinot Noir 2009,161
263,Casa Marín Miramar Vineyard Riesling 2009,162
264,Casa Marín Miramar Vineyard Syrah 2010,163
265,Castaño Chardonnay Macabeo 2014,164
266,Castaño Chardonnay Macabeo 2015,164
267,Castaño Ecológico Organic Monastrell 2014,165
268,Castaño GSM (Garnacha Shiraz Monastrell) 2014,166
269,Castaño GSM (Garnacha Shiraz Monastrell) 2015,166
270,Castaño Monastrell 2014,167
271,Castaño Monastrell 2015,167
272,Castaño Monastrell Dulce (500ml) 2013,168
273,Castaño Monastrell Rose 2015,169
274,Castaño Solanera Monastrell 2013,170
275,Castell d'Encus Acusp Pinot Noir 2011,171
276,Castell d'Encus Acusp Pinot Noir 2014,171
277,Castell d'Encus Ekam Riesling Albariño 2011,172
278,Castell d'Encus Ekam Riesling Albariño 2014,172
279,Castell d'Encus Quest Blend 2010,173
280,Castell d'Encus Quest Blend 2013,173
281,Castell d'Encus Taleia Sauvignon Blanc Semillon 2011,174
282,Castell d'Encus Thalarn Syrah 2011,175
283,Castell d'Encus Thalarn Syrah 2013,175
284,Castillo Viejo Catamayor Cabernet Franc Rosé 2012,176
285,Castillo Viejo Catamayor Cabernet Franc Rosé 2013,176
286,Castillo Viejo Catamayor Cabernet Sauvignon 2011,177
287,Castillo Viejo Catamayor Cabernet Sauvignon 2013,177
288,Castillo Viejo Catamayor Chardonnay 2012,178
289,Castillo Viejo Catamayor Chardonnay 2013,178
290,Castillo Viejo Catamayor Grand Tannat  2009,179
291,Castillo Viejo Catamayor Grand Vin Tannat Tempranillo 2006,180
292,Castillo Viejo Catamayor Grand Vin Tannat Tempranillo 2009,180
293,Castillo Viejo Catamayor Reserva Cabernet Sauvignon 2010,181
294,Castillo Viejo Catamayor Reserva Cabernet Sauvignon 2011,181
295,Castillo Viejo Catamayor Reserva de la Familia Cabernet Sauvignon 2008,182
296,Castillo Viejo Catamayor Reserva de la Familia Pinot Noir 2010,183
297,Castillo Viejo Catamayor Reserva de la Familia Sauvignon Blanc 2011,184
298,Castillo Viejo Catamayor Reserva de la Familia Tannat 2009,185
299,Castillo Viejo Catamayor Reserva Tannat 2010,186
300,Castillo Viejo Catamayor Reserva Tannat 2011,186
301,Castillo Viejo Catamayor Reserva Tannat Cabernet Franc 2010,187
302,Castillo Viejo Catamayor Reserva Tannat Cabernet Franc 2011,187
303,Castillo Viejo Catamayor Sauvignon Blanc 2012,188
304,Castillo Viejo Catamayor Sauvignon Blanc 2013,188
305,Castillo Viejo Catamayor Tannat 2011,189
306,Castillo Viejo Catamayor Tannat 2011 Perth,189
307,Castillo Viejo Catamayor Tannat 2013,189
308,Castillo Viejo Catamayor Tannat 2013 Perth,189
309,Castillo Viejo Gran Reserva El Preciado Blend 2006,190
310,Celler Credo Aloers Xarel.lo 2013,191
311,Celler Credo Can Credo Xarel.lo 2012,192
312,Celler Credo Capficat Xarel.lo 2013,193
313,Celler Credo Estrany Xarel.lo 2012,194
314,Celler Credo Miranius Xarel.lo 2013,195
315,Chile Deluxe Full Dozen,196
316,Chile Deluxe Half Dozen,197
317,Chile Finest Full Dozen,198
318,Chile Finest Half Dozen,199
319,Chile Mixed Full Dozen,200
320,Chile Mixed Half Dozen,201
321,Chile RED Full Dozen,202
322,Chile RED Half Dozen,203
323,Conde de San Cristóbal Tinta Fina 2008,204
324,Conde de San Cristóbal Tinta Fina 2011,204
325,Contador La Cueva Del Contador Tempranillo 2009,205
326,Contador La Cueva Del Contador Tempranillo 2011,205
327,Contador La Viña de Andrés Romeo Tempranillo 2010,206
328,Contador Macizo Xarel.lo Garnacha Blanca 2010,207
329,Contador Predicador Tempranillo 2011,208
330,Contador Tempranillo 2011,209
331,Contador Tempranillo Garnacha 2008,210
332,CORK Castano,212
333,CORK Giro Ribot,213
334,CORK Juve y Camps,214
335,CORK Millaman,215
336,CORK Neo,216
337,CORK Paco Garcia,217
338,CORK Sant Josep,218
339,CORK Tamaya,219
340,Corked/Faulty Wine Replacement - see notes for description,220
341,Courier Delivery Fee - Per 12 Pack - Bris/Gold Coast/Sunshine Coast,221
342,Courier Delivery Fee - Per 12 pack - Syd/Adel/Hobart,222
343,Courier Delivery Fee - Per 6 Pack - Bris/Gold Coast/Sunshine Coast,223
344,Courier Delivery Fee - Per 6 pack - Syd/Adel/Hobart,224
345,Courier Delivery Fee - Per Box - Melbourne,225
346,Courier Delivery Fee - Per Box - Perth,226
347,Courier Pick Fee Per Order (3 doz max),227
348,Credit Application,228
349,Customer Cards,229
350,Damaged Stock - Adelaide,230
351,Damaged Stock - Brisbane,231
352,Damaged Stock - Hobart,232
353,Damaged Stock - Melbourne,233
354,Damaged Stock - Perth,234
355,Damaged Stock - Sydney,235
356,DISPLAY A1 Corflute Sign SOUTH AMERICA - LOAN ONLY,236
357,DISPLAY A1 foam boards - LOAN ONLY,237
358,DISPLAY Hessian - LOAN ONLY,238
359,DISPLAY Paco Garcia,239
360,DISPLAY Plastic stand A3 landscape - LOAN ONLY,240
361,DISPLAY Plastic stand A3 portrait - LOAN ONLY,241
362,DISPLAY Plastic stand A4 portrait - LOAN ONLY,242
363,DISPLAY stick(s)/ wood - LOAN ONLY,243
364,DISPLAY Stones - LOAN ONLY,244
365,DISPLAY Tablecloth Mi Terruno - LOAN ONLY,245
366,DM -  Chile Deluxe Half Dozen,246
367,DM - Argentina Deluxe Full Dozen,247
368,DM - Argentina Deluxe Half Dozen,248
369,DM - Argentina Finest Full Dozen,249
370,DM - Argentina Finest Half Dozen,250
371,DM - Argentina Mixed Full Dozen,251
372,DM - Argentina Mixed Half Dozen,252
373,DM - Argentina RED Full Dozen,253
374,DM - Argentina RED Half Dozen,254
375,DM - Chile Deluxe Full Dozen,255
376,DM - Chile Finest Full Dozen,256
377,DM - Chile Finest Half Dozen,257
378,DM - Chile Mixed Full Dozen,258
379,DM - Chile Mixed Half Dozen,259
380,DM - Chile RED Full Dozen,260
381,DM - Chile RED Half Dozen,261
382,DM - El Porvenir Amauta I InspiraciÃ³n Malbec Cabernet Sauvignon Syrah 2011,262
383,DM - El Porvenir Amauta III ReflexiÃ³n Malbec Cabernet Sauvignon 2013,263
384,DM - Malbec Mixed Full Dozen,264
385,DM - Malbec Mixed Half Dozen,265
386,DM - Mendel Malbec 2013,266
387,DM - Mi Terruno Reserva Malbec 2013,267
388,DM - Spain Deluxe Full Dozen,268
389,DM - Spain Deluxe Half Dozen,269
390,DM - Spain Finest Full Dozen,270
391,DM - Spain Finest Half Dozen,271
392,DM - Spain Mixed Full Dozen,272
393,DM - Spain Mixed Half Dozen,273
394,DM - Spain RED Full Dozen,274
395,DM - Spain RED Half Dozen,275
396,DM - Tukma Reserva Malbec 2013,276
397,DM - Uruguay Deluxe Full Dozen,277
398,DM - Uruguay Deluxe Half Dozen,278
399,DM - Uruguay Finest Full Dozen,279
400,DM - Uruguay Finest Half Dozen,280
401,DM - Uruguay Mixed Full Dozen,281
402,DM - Uruguay Mixed Half Dozen,282
403,DM - Uruguay RED Full Dozen,283
404,DM - Uruguay RED Half Dozen,284
405,DRIP catcher Millaman,285
406,DRIP catcher Nestares Eguizabel,286
407,DUMMY Juve y Camps Magnum,287
408,DUMMY Paco Garcia Crianza 5L.,288
409,DUMMY Vivanco Crianza 5L.,289
410,Durón Crianza Tinta del País Cab Sav 2007,290
411,Durón Crianza Tinta del País Cab Sav 2009,290
412,Durón Reserva Blend 2006,291
413,Durón Reserva Blend 2008,291
414,El Porvenir Amauta I Inspiración Malbec Cabernet Sauvignon Syrah 2011,292
415,El Porvenir Amauta II Respeto Cabernet Sauvignon Merlot 2011,293
416,El Porvenir Amauta III Reflexión Malbec Cabernet Sauvignon 2011,294
417,El Porvenir Amauta III Reflexión Malbec Cabernet Sauvignon 2011 Perth,294
418,El Porvenir Amauta III Reflexión Malbec Cabernet Sauvignon 2013,294
419,El Porvenir Amauta III Reflexión Malbec Cabernet Sauvignon 2014,294
420,El Porvenir Icono Red Blend 2006,295
421,El Porvenir Laborum Single Vineyard Cabernet Sauvignon 2007,296
422,El Porvenir Laborum Single Vineyard Late Harvest Torrontés 2011,297
423,El Porvenir Laborum Single Vineyard Late Harvest Torrontés 2013,297
424,El Porvenir Laborum Single Vineyard Malbec 2007,298
425,El Porvenir Laborum Single Vineyard Syrah 2005,299
426,El Porvenir Laborum Single Vineyard Tannat 2011,300
427,El Porvenir Laborum Single Vineyard Torrontés 2012,301
428,El Porvenir Laborum Single Vineyard Torrontés 2014,301
429,El Porvenir Laborum Single Vineyard Torrontés 2015,301
430,Elk & Pea - Amayna Boya Pinot Noir 2012 WS,302
431,Elk & Pea - Castillo Viejo Catamayor Tannat 2013 WS,303
432,Elk & Pea - Gimenez Mendez Alta Reserva Sauvignon Blanc 2012 WS,304
433,Elk & Pea - Martinez Corta Cepas Antiguas Tempranillo 2014 WS,305
434,Elk & Pea - Mi TerruÃ±o Uvas Chardonnay 2013 WS,306
435,Elk & Pea - Mi TerruÃ±o Uvas Malbec 2014 WS,307
436,Elk & Pea - Renacer Punto Final Malbec RosÃ© 2012 WS,308
437,Elk & Pea - Sant Josep Clot d'EncÃ­s Garnacha Blanc 2014 WS,309
438,Enrique Foster Edicion Limitada Malbec 2006,310
439,Enrique Foster Edicion Limitada Malbec 2007,310
440,Enrique Foster Firmado Malbec 2007,311
441,Enrique Foster Firmado Malbec 2008,311
442,Enrique Foster Fortificado Malbec 2009,312
443,Enrique Foster IQUE Malbec (375ml) 2010,314
444,Enrique Foster IQUE Malbec (375ml) 2011,314
445,Enrique Foster IQUE Malbec (375ml) 2012,314
446,Enrique Foster IQUE Malbec 2010,313
447,Enrique Foster IQUE Malbec 2011,313
448,Enrique Foster IQUE Malbec 2012,313
449,Enrique Foster IQUE Malbec 2013,313
450,Enrique Foster IQUE Malbec 2013 Perth,313
451,Enrique Foster IQUE Malbec 2014,313
452,Enrique Foster IQUE Malbec 2014 Perth,313
453,Enrique Foster IQUE Malbec 2015,313
454,Enrique Foster IQUE Malbec 2015 Perth,313
455,Enrique Foster IQUE Malbec 2016,313
456,Enrique Foster PINK Malbec Rosé 2010,315
457,Enrique Foster PINK Malbec Rosé 2012,315
458,Enrique Foster PINK Malbec Rosé 2013,315
459,Enrique Foster PINK Malbec Rosé 2014,315
460,Enrique Foster PINK Malbec Rosé 2016,315
461,Enrique Foster Reserva Malbec (375ml) 2007,317
462,Enrique Foster Reserva Malbec (375ml) 2008,317
463,Enrique Foster Reserva Malbec 2007,316
464,Enrique Foster Reserva Malbec 2008,316
465,Enrique Foster Reserva Malbec 2012,316
466,Enrique Foster Sparkling Blanc de Noir Malbec NV,318
467,Enrique Foster Terruño Lunlunta Malbec 2007,319
468,Enrique Foster Terruño Vistalba Malbec 2007,320
469,Enrique Foster Venetia Sparkling Blanc de Noir Malbec NV,321
470,EXCLUSIVE OFFER Hand Selected South America 12 Pack,322
471,EXCLUSIVE OFFER Hand Selected South America 6 Pack,323
472,EXCLUSIVE OFFER Hand Selected Spain 12 Pack,324
473,EXCLUSIVE OFFER Hand Selected Spain 6 Pack,325
474,Ferrer Bobet Red Blend 2013,326
475,Ferrer Bobet Selección Especial Carignan 2012,327
476,Ferrer Bobet Vinyes Velles Carignan Garnache 2013,328
477,Finca Egomei EGOMEI ALMA Tempranillo Graciano 2005,329
478,Finca Egomei EGOMEI Tempranillo Graciano 2008,330
479,GEN Metal card holder,331
480,Gift Wrapping,332
481,Gimenez Mendez Alta Reserva Cabernet Sauvignon 2011,333
482,Gimenez Mendez Alta Reserva Pinot Noir 2011,334
483,Gimenez Mendez Alta Reserva Sauvignon Blanc 2012,335
484,Gimenez Mendez Alta Reserva Syrah 2010,336
485,Gimenez Mendez Alta Reserva Tannat 2010,337
486,Gimenez Mendez Alta Reserva Tannat Rosé 2012,338
487,Gimenez Mendez Alta Reserva Torrontés 2012,339
488,Gimenez Mendez IDENTITY Blend 2010,340
489,Gimenez Mendez Late Harvest Chardonnay Viognier (375ml) NV,341
490,Gimenez Mendez LYM Tannat 2009,342
491,Gimenez Mendez Premium Tannat 2009,343
492,Gimenez Mendez PUZZLE Blend 2010,344
493,Giró Ribot Avant Brut Reserva Cava,345
494,Giró Ribot Blanc de Blancs 2010,346
495,Giró Ribot Blanc de Blancs 2012,346
496,Giró Ribot Blanc de Blancs 2013,346
497,Giró Ribot Blanc de Blancs TASTE,347
498,Giró Ribot Blanc de Blancs TASTE 6-PACK,348
499,Giró Ribot Brut Nature Gran Reserva Cava 2007,349
500,Giró Ribot Brut Nature Gran Reserva Cava 2009,349
501,Giró Ribot Brut Nature Gran Reserva Cava 2010,349
502,Giró Ribot Brut Rosé Cava,350
503,Giró Ribot Mare Brut Nature Gran Reserva Cava (1500ml) 2005,352
504,Giró Ribot Mare Brut Nature Gran Reserva Cava 2006,351
505,Giró Ribot Mare Brut Nature Gran Reserva Cava 2007,351
506,Giró Ribot Mare Brut Nature Gran Reserva Cava 2007 Perth,351
507,Giró Ribot Miró Gold Cava,353
508,Giró Ribot Muscat de Frontignac 2010,354
509,Giró Ribot Muscat de Frontignac 2011,354
510,Giró Ribot Muscat de Frontignac 2012,354
511,Giró Ribot Tendancias Extra Brut Cava,355
512,Gramona Cava Cuvee Gran Reserva Brut 2011,356
513,Gramona Cava Imperial Gran Reserva Brut 2010,357
514,Gramona Celler Batlle Gran Reserva Brut 2004,358
515,Gramona Enoteca Reserva Brut Nature 2001,359
516,Gramona Frisant de Gel Sparkling Gewürztraminer (350ml) 2013,360
517,Gramona III Lustros Gran Reserva Brut Nature 2007,361
518,Grifoll-Declara El Gos Blend 2010,362
519,Grifoll-Declara El Gos Blend 2011,362
520,Grifoll-Declara Predicat Blend 2009,363
521,Grifoll-Declara Tossals Blend 2006,364
522,Grifoll-Declara Tossals Jr. Blend 2006,365
523,Grifoll-Declara Tossals Jr. Blend 2008,365
524,Grifoll-Declara Tossals Jr. Blend 2010,365
525,Habla de la Tierra 2015,366
526,Habla del silencio 2015,367
527,Habla Nº 11 2010,368
528,Juan Carlos Sancha Ad Libitum Maturana Tinta 2010,369
529,Juan Carlos Sancha Ad Libitum Tempranillo Blanco 2010,370
530,Juan Carlos Sancha Peña el Gato Garnacha 2010,371
531,Juvé y Camps Brut Reserva Blanc de Noir Pinot Noir Cava 2010,372
532,Juvé y Camps Cinta Púrpura Brut Reserva Cava (375ml) 2009,374
533,Juvé y Camps Cinta Púrpura Brut Reserva Cava (750ml) 2009,373
534,Juvé y Camps Cinta Púrpura Brut Reserva Cava (750ml) 2009 Perth,373
535,Juvé y Camps Ermita d'Espiells Blanc Flor 2011,375
536,Juvé y Camps Ermita d'Espiells Blanc Flor 2014,375
537,Juvé y Camps Ermita Pinot Noir Syrah Rosé 2011,376
538,Juvé y Camps Gran Juvé Brut Reserva Cava 2008,377
539,Juvé y Camps Milésime Brut Nature Chardonnay 2008,378
540,Juvé y Camps Miranda d'Espiells Chardonnay 2011,379
541,Juvé y Camps Pinot Noir Rosat Cava NV,380
542,Juvé y Camps Reserva de la Familia Brut Nature Gran Reserva Cava (1500ml) 2008,382
543,Juvé y Camps Reserva de la Familia Brut Nature Gran Reserva Cava (1500ml) 2012,382
544,Juvé y Camps Reserva de la Familia Brut Nature Gran Reserva Cava (3000ml) 2008,383
545,Juvé y Camps Reserva de la Familia Brut Nature Gran Reserva Cava (750ml) 2008,381
546,Juvé y Camps Reserva de la Familia Brut Nature Gran Reserva Cava (750ml) 2008 Perth,381
547,Juvé y Camps Reserva de la Familia Brut Nature Gran Reserva Cava (750ml) 2009,381
548,Juvé y Camps Reserva de la Familia Brut Nature Gran Reserva Cava (750ml) 2011,381
549,Juvé y Camps Reserva de la Familia Brut Nature Gran Reserva Cava (750ml) 2012,381
550,Juvé y Camps Reserva de la Familia Brut Nature Gran Reserva Cava 2009,381
551,Lagarde Altas Cumbres Cabernet Sauvignon 2010,384
552,Lagarde Altas Cumbres Malbec (375ml) 2009,386
553,Lagarde Altas Cumbres Malbec 2009,385
554,Lagarde Altas Cumbres Sauvignon Blanc 2010,387
555,Lagarde Altas Cumbres Sauvignon Blanc 2012,387
556,Lagarde Altas Cumbres Sparkling 2010,388
557,Lagarde Altas Cumbres Sparkling 2011,388
558,Lagarde Altas Cumbres Torrontés 2010,389
559,Lagarde Altas Cumbres Torrontés 2012,389
560,Lagarde Altas Cumbres Viognier 2010,390
561,Lagarde Blanc de Noir Rosé 2010,391
562,Lagarde Blanc de Noir Rosé 2011,391
563,Lagarde Blanc de Noir Rosé 2012,391
564,Lagarde Cabernet Sauvignon 2010,392
565,Lagarde Cabernet Sauvignon 2010 Perth,392
566,Lagarde Cabernet Sauvignon 2011,392
567,Lagarde Chardonnay,393
568,Lagarde Chardonnay 2012,393
569,Lagarde Guarda Blend 2009,394
570,Lagarde Guarda Cabernet Franc,395
571,Lagarde Guarda Cabernet Franc 2010,395
572,Lagarde Guarda DOC Malbec 2009,396
573,Lagarde Guarda DOC Malbec 2010,396
574,Lagarde Henry Cosecha Tardia Moscato (375ml) 2008,397
575,Lagarde Henry Cosecha Tardia Moscato (375ml) 2010,397
576,Lagarde Henry Gran Guarda N°1 Blend 2007,398
577,Lagarde Henry Gran Guarda N°1 Blend 2008,398
578,Lagarde Malbec 2010,399
579,Lagarde Malbec 2011,399
580,Lagarde Merlot 2010,400
581,Lagarde Merlot 2011,400
582,Lagarde Mixed Half Dozen,401
583,Lagarde Moscato,402
584,Lagarde Primeras Viñas Malbec 2008,403
585,Lagarde Primeras Viñas Malbec 2009,403
586,Lagarde Sauvignon Blanc 2010,404
587,Lagarde Sauvignon Blanc 2012,404
588,Lagarde Sparkling,405
589,Lagarde Syrah 2010,406
590,Lagarde Syrah 2011,406
591,Lagarde Syrah 2011 Perth,406
592,Lagarde Viognier 2010,407
593,Lagarde Viognier 2012,407
594,Lagarde Viognier 2012 Perth,407
595,Loma Larga Cabernet Franc 2008,408
596,Loma Larga Chardonnay 2011,409
597,Loma Larga Malbec 2008,410
598,Loma Larga Merlot 2009,411
599,Loma Larga Pinot Noir 2010,412
600,Loma Larga Quinteto Blend 2006,413
601,Loma Larga Rapsodia Blend 2009,414
602,Loma Larga Sauvignon Blanc 2011,415
603,Loma Larga Syrah 2008,416
604,Luna Beberide Blanco Godello 2013,417
605,Luna Beberide Blanco Godello 2014,417
606,Luna Beberide Tinto Mencía Joven 2013,418
607,Luna Beberide Tinto Mencía Joven 2014,418
608,Luxury Christmas Mixed Selection,419
609,Maquis Cabernet Sauvignon 2010,420
610,Maquis Cabernet Sauvignon 2012,420
611,Maquis Carménère 2010,421
612,Maquis Carménère 2011,421
613,Maquis Carménère 2011 Perth,421
614,Maquis Carménère 2012,421
615,Maquis Lien Blend 2008,422
616,Maquis Malbec 2012,423
617,Maquis Malbec Rosé 2011,424
618,Maquis Malbec Rosé 2011 Perth,424
619,Maquis Malbec Rosé 2014,424
620,Marichal Chardonnay 2012,425
621,Marichal Chardonnay 2012 Perth,425
622,Marichal Grand Reserve Tannat 2009,426
623,Marichal Reserve Collection Chardonnay 2010,427
624,Marichal Reserve Collection Chardonnay 2012,427
625,Marichal Reserve Collection Pinot Noir 2009,428
626,Marichal Reserve Collection Pinot Noir Blanc de Noir Chardonnay Rosé 2011,429
627,Marichal Reserve Collection Pinot Noir Blanc de Noir Chardonnay Rosé 2012,429
628,Marichal Reserve Collection Pinot Noir Tannat 2011,430
629,Marichal Reserve Collection Tannat  2011,431
630,Marichal Sauvignon Blanc 2012,432
631,Marichal Tannat 2011,433
632,Marketing Promotion Flyer,434
633,Marqués de Vargas Hacienda Pradolagar Blend 2005,435
634,Marqués de Vargas Reserva Blend 2007,436
635,Marqués de Vargas Reserva Blend 2011,436
636,Marqués de Vargas Reserva Privada Blend 2005,437
637,Martinez Corta Cepas Antiguas Blanco Viura Malvasia 2010,438
638,Martinez Corta Cepas Antiguas Blanco Viura Malvasia 2011,438
639,Martinez Corta Cepas Antiguas Blanco Viura Malvasia 2012,438
640,Martinez Corta Cepas Antiguas Blanco Viura Malvasia 2013,438
641,Martinez Corta Cepas Antiguas Selección Privada Tempranillo 2010,439
642,Martinez Corta Cepas Antiguas Selección Privada Tempranillo 2011,439
643,Martinez Corta Cepas Antiguas Tempranillo 2010,440
644,Martinez Corta Cepas Antiguas Tempranillo 2011,440
645,Martinez Corta Cepas Antiguas Tempranillo 2012,440
646,Martinez Corta Cepas Antiguas Tempranillo 2013,440
647,Martinez Corta Cepas Antiguas Tempranillo 2014,440
648,Martinez Corta Crianza Tempranillo 2008,441
649,Martinez Corta Crianza Tempranillo 2009,441
650,Martinez Corta Crianza Tempranillo 2010,441
651,Martinez Corta Crianza Tempranillo 2011,441
652,Martinez Corta Crianza Tempranillo 2012,441
653,Martinez Corta Selección Especial Tempranillo 2006,442
654,Martinez Corta Semicrianza Tempranillo 2010,443
655,Martinez Corta Semicrianza Tempranillo 2011,443
656,Martinez Corta Semicrianza Tempranillo 2012,443
657,Martinez Corta Semicrianza Tempranillo 2014,443
658,Martinez Corta Soros Autor Tempranillo 2007,444
659,Martinez Corta Soros Crianza Tempranillo 2008,445
660,Martinez Corta Soros Crianza Tempranillo 2009,445
661,Martinez Corta Soros Crianza Tempranillo 2010,445
662,Mas Doix DOIX Carinyena Garnatxa (1500ml) 2008,447
663,Mas Doix DOIX Carinyena Garnatxa 2008,446
664,Mas Doix Les Crestes Blend (1500ml) 2010,449
665,Mas Doix Les Crestes Blend 2011,448
666,Mas Doix Salanques Blend (1500ml) 2007,451
667,Mas Doix Salanques Blend 2006,450
668,Mas Perinet Clos Maria Blanco 2007,452
669,Mas Perinet Perinet + Blend 2006,453
670,Mas Perinet Perinet Blend 2005,454
671,Mauricio Lorca Fantasia Cabernet Sauvignon 2010,455
672,Mauricio Lorca Fantasia Cabernet Sauvignon 2012,455
673,Mauricio Lorca Fantasia Cabernet Sauvignon 2013,455
674,Mauricio Lorca Fantasia Cabernet Sauvignon 2014,455
675,Mauricio Lorca Fantasia Cabernet Sauvignon 2015,455
676,Mauricio Lorca Fantasia Cabernet Sauvignon 2016,455
677,Mauricio Lorca Fantasia Chardonnay 2012,456
678,Mauricio Lorca Fantasia Chardonnay 2015,456
679,Mauricio Lorca Fantasia Malbec (375ml) 2010,458
680,Mauricio Lorca Fantasia Malbec (375ml) 2012,458
681,Mauricio Lorca Fantasia Malbec 2010,457
682,Mauricio Lorca Fantasia Malbec 2012,457
683,Mauricio Lorca Fantasia Malbec 2013,457
684,Mauricio Lorca Fantasia Malbec 2013 Perth,457
685,Mauricio Lorca Fantasia Malbec 2014,457
686,Mauricio Lorca Fantasia Malbec 2015,457
687,Mauricio Lorca Fantasia Malbec 2015 Perth,457
688,Mauricio Lorca Fantasia Malbec 2016,457
689,Mauricio Lorca Fantasia Malbec Syrah 2010,459
690,Mauricio Lorca Fantasia Malbec Syrah 2012,459
691,Mauricio Lorca Fantasia Sauvignon Blanc 2012,460
692,Mauricio Lorca Fantasia Sauvignon Blanc 2014,460
693,Mauricio Lorca Fantasia Sauvignon Blanc 2015,460
694,Mauricio Lorca Fantasia Sauvignon Blanc 2016,460
695,Mauricio Lorca Fantasia Sparkling Blanc de Blanc Extra Brut NV,461
696,Mauricio Lorca Fantasia Sparkling Blanc de Blanc Extra Brut NV Perth,461
697,Mauricio Lorca Fantasia Torrontés (375ml) 2011,463
698,Mauricio Lorca Fantasia Torrontés (375ml) 2012,463
699,Mauricio Lorca Fantasia Torrontés (375ml) 2012 Perth,463
700,Mauricio Lorca Fantasia Torrontés (375ml) 2013,463
701,Mauricio Lorca Fantasia Torrontés 2011,462
702,Mauricio Lorca Fantasia Torrontés 2012,462
703,Mauricio Lorca Fantasia Torrontés 2013,462
704,Mauricio Lorca Fantasia Torrontés 2013 Perth,462
705,Mauricio Lorca Fantasia Torrontés 2014,462
706,Mauricio Lorca Fantasia Torrontés 2014 Perth,462
707,Mauricio Lorca Fantasia Torrontés 2015,462
708,Mauricio Lorca Fantasia Torrontés 2016,462
709,Mauricio Lorca Gran Opalo Blend 2008,464
710,Mauricio Lorca Gran Opalo Blend 2009,464
711,Mauricio Lorca Gran Poetico Blend 2007,465
712,Mauricio Lorca Gran Poetico Petit Verdot 2011,466
713,Mauricio Lorca Opalo Cabernet Sauvignon 2008,467
714,Mauricio Lorca Opalo Cabernet Sauvignon 2009,467
715,Mauricio Lorca Opalo Malbec (375ml) 2009 ,469
716,Mauricio Lorca Opalo Malbec 2008,468
717,Mauricio Lorca Opalo Malbec 2009,468
718,Mauricio Lorca Opalo Malbec 2009 Perth,468
719,Mauricio Lorca Opalo Malbec 2011,468
720,Mauricio Lorca Opalo Malbec 2012,468
721,Mauricio Lorca Opalo Syrah 2007,470
722,Mauricio Lorca Poetico Cabernet Sauvignon 2007,471
723,Mauricio Lorca Poetico Malbec (375ml) 2008,473
724,Mauricio Lorca Poetico Malbec 2007,472
725,Mauricio Lorca Poetico Malbec 2008,472
726,Mauricio Lorca Poetico Malbec 2009,472
727,Mauricio Lorca Poetico Syrah 2007,474
728,Mauricio Lorca Poetico Syrah 2008,474
729,Mauricio Lorca Poetico Viognier 2011,475
730,Mauricio Lorca Poetico Viognier 2011 Perth,475
731,Mendel Cabernet Sauvignon 2009,476
732,Mendel Cabernet Sauvignon 2014,476
733,Mendel Finca Remota Malbec 2008,477
734,Mendel Finca Remota Malbec 2009,477
735,Mendel Lunta Malbec 2009,478
736,Mendel Lunta Malbec 2010,478
737,Mendel Lunta Malbec 2011,478
738,Mendel Lunta Malbec 2012,478
739,Mendel Lunta Malbec 2012 Perth,478
740,Mendel Lunta Malbec 2013,478
741,Mendel Lunta Malbec 2013 Perth,478
742,Mendel Lunta Malbec 2014,478
743,Mendel Lunta Malbec 2014 Perth,478
744,Mendel Malbec 2008,479
745,Mendel Malbec 2009,479
746,Mendel Malbec 2011,479
747,Mendel Malbec 2012,479
748,Mendel Malbec 2013,479
749,Mendel Malbec 2014,479
750,Mendel Semillon 2010,480
751,Mendel Semillon 2012,480
752,Mendel Semillon 2013,480
753,Mendel Semillon 2014,480
754,Mendel Unus Malbec Cabernet Sauvignon 2008,481
755,Mendel Unus Malbec Cabernet Sauvignon 2009,481
756,Mi Terruño Expresión Cabernet Sauvignon 2011,482
757,Mi Terruño Expresión Cabernet Sauvignon 2013,482
758,Mi Terruño Expresión Cabernet Sauvignon 2014,482
759,Mi Terruño Expresión Malbec 2011,483
760,Mi Terruño Expresión Malbec 2012,483
761,Mi Terruño Expresión Malbec 2013,483
762,Mi Terruño Expresión Malbec 2014,483
763,Mi Terruño Expresión Sauvignon Blanc 2015,484
764,Mi Terruño Expresión Sparkling Extra Brut,485
765,Mi Terruño Limited Reserva Malbec Cabernet Sauvignon 2008,486
766,Mi Terruño Limited Reserva Malbec Cabernet Sauvignon 2009,486
767,Mi Terruño Limited Reserva Malbec Cabernet Sauvignon TASTE,487
768,Mi Terruño Limited Reserva Malbec Cabernet Sauvignon TASTE 6-PACK,488
769,Mi Terruño Mayacaba Malbec 2007,489
770,Mi Terruño Mayacaba Malbec 2008,489
771,Mi Terruño Mayacaba Malbec 2009,489
772,Mi Terruño Mayacaba Malbec 2010,489
773,Mi Terruño Mixed Dozen THE BOHEMIAN,490
774,Mi Terruño Reserva Bonarda 2009,491
775,Mi Terruño Reserva Bonarda 2010,491
776,Mi Terruño Reserva Bonarda 2011,491
777,Mi Terruño Reserva Bonarda 2012,491
778,Mi Terruño Reserva Cabernet Franc 2012,492
779,Mi Terruño Reserva Cabernet Sauvignon 2009,493
780,Mi Terruño Reserva Cabernet Sauvignon 2010,493
781,Mi Terruño Reserva Cabernet Sauvignon 2010 Perth,493
782,Mi Terruño Reserva Chardonnay 2009,494
783,Mi Terruño Reserva Chardonnay 2010,494
784,Mi Terruño Reserva Chardonnay 2013,494
785,Mi Terruño Reserva Malbec 2009,495
786,Mi Terruño Reserva Malbec 2010,495
787,Mi Terruño Reserva Malbec 2011,495
788,Mi Terruño Reserva Malbec 2011 Perth,495
789,Mi Terruño Reserva Malbec 2012,495
790,Mi Terruño Reserva Malbec 2013,495
791,Mi Terruño Reserva Malbec 2014,495
792,Mi Terruño Uvas Bonarda 2010,496
793,Mi Terruño Uvas Bonarda 2011,496
794,Mi Terruño Uvas Bonarda 2012,496
795,Mi Terruño Uvas Bonarda 2012 Perth,496
796,Mi Terruño Uvas Bonarda 2013,496
797,Mi Terruño Uvas Bonarda 2013 Perth,496
798,Mi Terruño Uvas Bonarda 2014,496
799,Mi Terruño Uvas Bonarda 2015,496
800,Mi Terruño Uvas Cabernet Sauvignon 2010,497
801,Mi Terruño Uvas Cabernet Sauvignon 2011,497
802,Mi Terruño Uvas Cabernet Sauvignon 2012,497
803,Mi Terruño Uvas Cabernet Sauvignon 2013,497
804,Mi Terruño Uvas Cabernet Sauvignon 2013 Perth,497
805,Mi Terruño Uvas Cabernet Sauvignon 2014,497
806,Mi Terruño Uvas Chardonnay 2010,498
807,Mi Terruño Uvas Chardonnay 2011,498
808,Mi Terruño Uvas Chardonnay 2012,498
809,Mi Terruño Uvas Chardonnay 2013,498
810,Mi Terruño Uvas Chardonnay 2013 Perth,498
811,Mi Terruño Uvas Malbec 2010,499
812,Mi Terruño Uvas Malbec 2011,499
813,Mi Terruño Uvas Malbec 2012,499
814,Mi Terruño Uvas Malbec 2013,499
815,Mi Terruño Uvas Malbec 2013 12 Pack,500
816,Mi Terruño Uvas Malbec 2013 Perth,499
817,Mi Terruño Uvas Malbec 2014,499
818,Mi Terruño Uvas Malbec 2014 Perth,499
819,Mi Terruño Uvas Malbec 2015,499
820,Mi Terruño Uvas Malbec Rosé 2010,501
821,Mi Terruño Uvas Malbec Rosé 2011,501
822,Mi Terruño Uvas Malbec Rosé 2012,501
823,Mi Terruño Uvas Malbec Rosé 2013,501
824,Mi Terruño Uvas Malbec Rosé 2013 Perth,501
825,Mi Terruño Uvas Malbec Rosé 2014,501
826,Mi Terruño Uvas Malbec Rosé 2015,501
827,Mi Terruño Uvas Malbec Rosé 2016,501
828,Mi Terruño Uvas Natural Sweet Torrontés 2010,502
829,Mi Terruño Uvas Natural Sweet Torrontés 2011,502
830,Mi Terruño Uvas Natural Sweet Torrontés 2011 Perth,502
831,Mi Terruño Uvas Natural Sweet Torrontés 2012,502
832,Mi Terruño Uvas Syrah 2010,503
833,Mi Terruño Uvas Syrah 2011,503
834,Mi Terruño Uvas Syrah 2012,503
835,Mi Terruño Uvas Syrah 2013,503
836,Mi Terruño Uvas Syrah 2014,503
837,Mi Terruño Uvas Syrah 2016,503
838,Mi Terruño Uvas Tempranillo 2010,504
839,Mi Terruño Uvas Tempranillo 2011,504
840,Mi Terruño Uvas Tempranillo 2011 Perth,504
841,Mi Terruño Uvas Tempranillo 2013,504
842,Mi Terruño Uvas Tempranillo 2014,504
843,Mi Terruño Uvas Torrontés 2010,505
844,Mi Terruño Uvas Torrontés 2011,505
845,Mi Terruño Uvas Torrontés 2012,505
846,Mi Terruño Uvas Torrontés 2012 Perth,505
847,Mi Terruño Uvas Torrontés 2013,505
848,Mi Terruño Uvas Torrontés 2015,505
849,Millaman Condor Cabernet Sauvignon 2013,506
850,Millaman Condor Cabernet Sauvignon 2014,506
851,Millaman Condor Cabernet Sauvignon 2015,506
852,Millaman Condor Cabernet Syrah Rosé 2015,507
853,Millaman Condor Carménère 2013,508
854,Millaman Condor Carménère 2015,508
855,Millaman Condor Chardonnay 2015,509
856,Millaman Condor Chardonnay 2016,509
857,Millaman Condor Merlot 2013,510
858,Millaman Condor Merlot 2015,510
859,Millaman Condor Sauvignon Blanc 2015,511
860,Millaman Condor Sauvignon Blanc 2015 Perth,511
861,Millaman Condor Sauvignon Blanc 2016,511
862,Millaman Estate Reserve Pinot Noir 2015,512
863,Millaman Estate Reserve Sauvignon Blanc 2015,513
864,Millaman Limited Reserve Zinfandel 2014,514
865,Millaman Limited Reserve Zinfandel 2015,514
866,Mispicked Product,515
867,Monte Amán Reserva Tinta del País 2004,516
868,Monte Amán Rosado 2010,517
869,Monte Amán Rosado 2011,517
870,Monte Amán Rosado 2012,517
871,Monte Amán Rosado 2013,517
872,Monte Amán Tinto Roble 5 Meses Tinta del País 2009,518
873,Monte Amán Tinto Roble 5 Meses Tinta del País 2011,518
874,Monte Amán Tinto Roble 5 Meses Tinta del País 2013,518
875,Narbona Luz de Luna Tannat 2011,519
876,Narbona Luz de Luna Tannat 2011 Perth,519
877,Narbona Pinot Noir 2011,520
878,Narbona Puerto Carmelo Sauvignon Blanc 2012,521
879,Narbona Puerto Carmelo Sauvignon Blanc 2013,521
880,Narbona Puerto Carmelo Tannat 2010,522
881,Narbona Puerto Carmelo Tannat 2010 Perth,522
882,Narbona Tannat 2010,523
883,Narbona Tannat Rosé 2011,524
884,Narbona Tannat Rosé 2011 Perth,524
885,Neo Disco Tinta Fina 2009,525
886,Neo Disco Tinta Fina 2011,525
887,Neo Disco Tinta Fina 2013,525
888,Neo Disco Tinta Fina 2013 Perth,525
889,Neo Disco Tinta Fina 2014,525
890,Neo El Arte de Vivir Tinta Fina 2010,526
891,Neo El Arte de Vivir Tinta Fina 2011,526
892,Neo Primer Motivo Rueda Verdejo 2010,527
893,Neo Primer Motivo Rueda Verdejo 2011,527
894,Neo Primer Motivo Rueda Verdejo 2012,527
895,Neo Primer Motivo Rueda Verdejo 2013,527
896,Neo Primer Motivo Rueda Verdejo 2014,527
897,Neo Primer Motivo Rueda Verdejo 2014 Perth,527
898,Neo Primer Motivo Rueda Verdejo 2015,527
899,Neo Punta Esencia Tinta Fina 2007,528
900,Neo Sentido Tinta Fina 2009,529
901,Neo Tercer Motivo Bierzo Mencía 2008,530
902,Neo Tinta Fina 2007,531
903,Neo Vivir Vivir Tinta Fina 2010,532
904,Neo Vivir Vivir Tinta Fina 2011,532
905,Neo Vivir Vivir Tinta Fina 2013,532
906,Neo Vivir Vivir Tinta Fina 2013 Boulevard,532
907,Neo Vivir Vivir Tinta Fina 2013 Perth,532
908,Neo Vivir Vivir Tinta Fina 2014,532
909,Nestares Eguizábal Arzobispo Diego de Tejada Tempranillo 2007,533
910,Nestares Eguizábal Segares Crianza Tempranillo 2008,534
911,Nestares Eguizábal Segares Crianza Tempranillo 2009,534
912,Nestares Eguizábal Segares Las Llecas Semicrianza Tempranillo 2009,535
913,Nestares Eguizábal Segares Las Llecas Semicrianza Tempranillo 2011,535
914,Nestares Eguizábal Segares Las Llecas Semicrianza Tempranillo 2013,535
915,Nestares Eguizábal Segares Reserva Tempranillo 2007,536
916,Nestares Eguizábal Segares Tempranillo 2009,537
917,Nestares Eguizábal Segares Tempranillo 2011,537
918,Nestares Eguizábal Segares Tempranillo 2013,537
919,Nestares Eguizábal Segares Tempranillo 2015,537
920,NOTES Castano Monastrell,538
921,O. Fournier Alfa Centauri Blend 2008,539
922,O. Fournier Alfa Crux Blend 2004,540
923,O. Fournier Alfa Crux Blend 2005,540
924,O. Fournier Alfa Crux Malbec 2007,541
925,O. Fournier Alfa Spiga Tinta del País 2004,542
926,O. Fournier Alfa Spiga Tinta del País 2006,542
927,O. Fournier B Crux Blend 2007,543
928,O. Fournier B Crux Blend 2008,543
929,O. Fournier B Crux Sauvignon Blanc 2010,544
930,O. Fournier B Crux Sauvignon Blanc 2011,544
931,O. Fournier Blend 2008,545
932,O. Fournier Centauri Blend 2009,546
933,O. Fournier Centauri Sauvignon Blanc 2011,547
934,O. Fournier Spiga Tinta del País 2005,548
935,O. Fournier Spiga Tinta del País 2006,548
936,O. Fournier Syrah Cabernet Sauvignon 2006,549
937,O. Fournier Syrah Malbec 2005,550
938,O. Fournier Tinta del País 2005,551
939,O. Fournier Urban Maule Blend 2010,552
940,O. Fournier Urban Maule Cabernet Sauvignon 2011,553
941,O. Fournier Urban Ribera Tinta del País 2009,554
942,O. Fournier Urban Ribera Tinta del País 2011,554
943,O. Fournier Urban Uco Malbec 2010,555
944,O. Fournier Urban Uco Malbec 2012,555
945,O. Fournier Urban Uco Malbec 2012 Perth,555
946,O. Fournier Urban Uco Malbec 2013,555
947,O. Fournier Urban Uco Malbec Tempranillo 2010,556
948,O. Fournier Urban Uco Malbec Tempranillo 2011,556
949,O. Fournier Urban Uco Malbec Tempranillo 2012,556
950,O. Fournier Urban Uco Malbec Tempranillo 2012 Perth,556
951,O. Fournier Urban Uco Malbec Tempranillo 2013,556
952,O. Fournier Urban Uco Malbec Tempranillo 2013 Perth,556
953,O. Fournier Urban Uco Sauvignon Blanc 2010,557
954,O. Fournier Urban Uco Sauvignon Blanc 2011,557
955,O. Fournier Urban Uco Sauvignon Blanc 2013,557
956,O. Fournier Urban Uco Sauvignon Blanc 2013 Perth,557
957,O. Fournier Urban Uco Tempranillo 2010,558
958,O. Fournier Urban Uco Tempranillo 2011,558
959,O. Fournier Urban Uco Tempranillo 2012,558
960,O. Fournier Urban Uco Tempranillo 2013,558
961,O. Fournier Urban Uco Torrontés 2010,559
962,O. Fournier Urban Uco Torrontés 2011,559
963,O. Fournier Urban Uco Torrontés 2012,559
964,Ossian Capitel Verdejo 2011,560
965,Ossian OSSIAN Verdejo 2010,561
966,Ossian OSSIAN Verdejo 2012,561
967,Ossian Quintaluna Verdejo 2011,562
968,Ossian Quintaluna Verdejo 2013,562
969,Paco García Beautiful Things Tempranillo 2008,563
970,Paco García Crianza Tempranillo 2008,564
971,Paco García Crianza Tempranillo 2010,564
972,Paco García Crianza Tempranillo 2010 TASTE,565
973,Paco García Crianza Tempranillo TASTE 6-PACK,566
974,Paco García Junior Tempranillo 2013,567
975,Paco García Junior Tempranillo 2014,567
976,Paco García Junior Tempranillo 2014 Perth,567
977,Paco García Junior Tempranillo 2015,567
978,Paco García Junior Tempranillo 2015 Perth,567
979,Paco García Seis Tempranillo 2010,568
980,Paco García Seis Tempranillo 2011,568
981,Paco García Seis Tempranillo 2012,568
982,Paco García Seis Tempranillo 2012 Perth,568
983,Paco García Seis Tempranillo 2013,568
984,Paco García Seis Tempranillo 2014,568
985,Paco García Seis Tempranillo 2015,568
986,Pagos de Galir Via Nova Godello 2015,569
987,Pagos de Galir Via Nova Mencia 2015,570
988,Paul Cheneau Gaudi Brut Cava,571
989,Paul Cheneau Gaudi Brut Cava Perth,571
990,Paul Cheneau Gold Bubbles Brut Cava,572
991,Paul Cheneau Gold Bubbles Cava TASTE,573
992,Paul Cheneau Gold Bubbles Cava TASTE 6-PACK,574
993,Paul Cheneau Lady of Spain Brut Cava,575
994,Paul Cheneau Lady of Spain Brut Cava Perth,575
995,Pazo San Mauro Albariño 2010,576
996,Pazo San Mauro Albariño 2012,576
997,Pazo San Mauro Albariño 2013,576
998,Pazo San Mauro Albariño 2015,576
999,Pazo San Mauro Albariño 2015 Perth,576
1000,Pazo San Mauro Sanamaro Albariño 2009,577
1001,PEN Millaman,578
1002,PEN Tamaya,579
1003,Pizzorno Don Próspero Cabernet Sauvignon 2010,580
1004,Pizzorno Don Próspero Cabernet Sauvignon 2011,580
1005,Pizzorno Don Próspero Pinot Noir 2011,581
1006,Pizzorno Don Próspero Pinot Noir 2011 Perth,581
1007,Pizzorno Don Próspero Sauvignon Blanc 2012,582
1008,Pizzorno Don Próspero Sauvignon Blanc 2013,582
1009,Pizzorno Don Próspero Sauvignon Blanc 2013 Perth,582
1010,Pizzorno Don Próspero Tannat 2011,583
1011,Pizzorno Don Próspero Tannat 2012,583
1012,Pizzorno Don Próspero Tannat Merlot 2011,584
1013,Pizzorno Primo Tannat Cabernet Sauvignon Petit Verdot 2006,585
1014,Pizzorno Reserva Blend 2010,586
1015,Pizzorno Reserva Tannat 2010,587
1016,Pizzorno Reserva Tannat 2011,587
1017,Portfolios - Price Lists,588
1018,POSTER Juve y Camps,589
1019,Pre Sale Product,211
1020,Premium Christmas Mixed Selection,590
1021,Quintas de Aves Alauda Chardonnay 2014,591
1022,Quintas de Aves Alauda Chardonnay 2015,591
1023,Quintas de Aves Alauda Muscat Sauvignon Blanc 2014,592
1024,Quintas de Aves Noctua Syrah 2014,593
1025,Quintas de Aves Otus Tempranillo 2014,594
1026,Quintas de Aves Otus Tempranillo 2015,594
1027,Recaredo Brut de Brut Gran Reserva Brut Nature Cava 2004,595
1028,Recaredo Brut Nature Gran Reserva Cava 2007,596
1029,Recaredo Reserva Particular Brut Nature Gran Reserva Cava 2003,597
1030,Recaredo TURO D’EN MOTA Cava 2002,598
1031,Renacer Allegrini + Renacer Enamore Blend 2010,599
1032,Renacer Malbec 2009,600
1033,Renacer Punto Final Clásico Malbec 2011,601
1034,Renacer Punto Final Clásico Malbec 2012,601
1035,Renacer Punto Final Malbec Rosé 2011,602
1036,Renacer Punto Final Malbec Rosé 2012,602
1037,Renacer Punto Final Reserva Malbec 2010,603
1038,Renacer Punto Final Reserva Malbec 2011,603
1039,Renacer Punto Final Single Vineyard Cabernet Sauvignon 2011,604
1040,Renacer Punto Final Single Vineyard Cabernet Sauvignon 2012,604
1041,Romance Selection Full Dozen,605
1042,Romance Selection Half Dozen,606
1043,Rothschild Anderra Cabernet Sauvignon 2015,607
1044,Rothschild Anderra Carménère 2015,608
1045,Rothschild Anderra Sauvignon Blanc 2015,609
1046,Rothschild Escudo Rojo Cabernet Sauvignon 2014,610
1047,Rothschild Escudo Rojo Carménère 2015,611
1048,Rothschild Escudo Rojo Red Blend 2015,612
1049,Rothschild Escudo Rojo Syrah 2014,613
1050,Rothschild Mapu Cabernet Sauvignon 2015,614
1051,Rothschild Mapu Carménère 2016,615
1052,Rothschild Mapu Reserva Cabernet Sauvignon 2015,616
1053,Rothschild Mapu Reserva Carménère 2015,617
1054,Rothschild Mapu Reserva Chardonnay 2016,618
1055,Rothschild Mapu Reserva Merlot 2015,619
1056,Rothschild Mapu Reserva Sauvignon Blanc 2015,620
1057,Rothschild Mapu Sauvignon Blanc 2015,621
1058,Rothschild Mapu Syrah Rosé 2016,622
1059,Sant Josep Clot d'Encís Garnacha Blanc 2010,623
1060,Sant Josep Clot d'Encís Garnacha Blanc 2011,623
1061,Sant Josep Clot d'Encís Garnacha Blanc 2012,623
1062,Sant Josep Clot d'Encís Garnacha Blanc 2013,623
1063,Sant Josep Clot d'Encís Garnacha Blanc 2014,623
1064,Sant Josep Clot d'Encís Garnacha Blanc 2015,623
1065,Sant Josep Clot d'Encís Garnacha Negre 2010,624
1066,Sant Josep Clot d'Encís Garnacha Negre 2012,624
1067,Sant Josep Clot d'Encís Garnacha Negre Blend 2013,624
1068,Sant Josep Clot d'Encís Garnacha Negre Blend 2014,624
1069,Sant Josep Clot d'Encís Garnacha Negre Blend 2015,624
1070,Sant Josep Clot d'Encís Syrah Rosat 2010,625
1071,Sant Josep Clot d'Encís Syrah Rosat 2012,625
1072,Sant Josep Clot d'Encís Syrah Rosat 2012 Perth,625
1073,Sant Josep Clot d'Encís Syrah Rosat 2013,625
1074,Sant Josep Llàgrimes de Tardor Blend 2007,626
1075,Sant Josep Llàgrimes de Tardor Blend 2008,626
1076,Sant Josep Llàgrimes de Tardor Garnacha Blanc 2009,627
1077,Sant Josep Llàgrimes de Tardor Mistela Vi de Licor Garnacha Blanc,628
1078,Sant Josep Llàgrimes de Tardor Mistela Vi de Licor Garnacha Negre,629
1079,Sant Josep Llàgrimes de Tardor Selecció Blend 2006,630
1080,Shelf Talkers - Specify what in notes,631
1081,Shipping,632
1082,Solar de Samaniego Crianza Tempranillo 2006,633
1083,Solar de Samaniego Crianza Tempranillo 2007,633
1084,Solar de Samaniego Reserva Tempranillo 2003,634
1085,Solar de Samaniego Reserva Tempranillo 2005,634
1086,Spain Deluxe Full Dozen,635
1087,Spain Deluxe Half Dozen,636
1088,Spain Finest Full Dozen,637
1089,Spain Finest Half Dozen,638
1090,Spain Mixed Full Dozen,639
1091,Spain Mixed Half Dozen,640
1092,Spain RED Full Dozen,641
1093,Spain RED Half Dozen,642
1094,STOP Drop Maquis,643
1095,STOP Drop Tamaya,644
1096,STOP Giro Ribot,645
1097,STOP Gramona,646
1098,STOP Juve y Camps,647
1099,Tamaya Pink Goat Syrah Malbec Rosé 2011,648
1100,Tamaya Reserva Cabernet Sauvignon 2011,649
1101,Tamaya Reserva Carménère 2010,650
1102,Tamaya Reserva Carménère 2011,650
1103,Tamaya Reserva Carménère 2012,650
1104,Tamaya Reserva Carménère 2012 OLD,650
1105,Tamaya Reserva Carménère 2013,650
1106,Tamaya Reserva Malbec Cabernet Sauvignon Syrah (1500ml) 2010,652
1107,Tamaya Reserva Malbec Cabernet Sauvignon Syrah (1500ml) 2012,652
1108,Tamaya Reserva Malbec Cabernet Sauvignon Syrah (3L) 2010,653
1109,Tamaya Reserva Malbec Cabernet Sauvignon Syrah (5L) 2010,654
1110,Tamaya Reserva Malbec Cabernet Sauvignon Syrah (750ml) 2010,651
1111,Tamaya Reserva Sauvignon Blanc 2011,655
1112,Tamaya Reserva Sauvignon Blanc 2013,655
1113,Tamaya Reserva Sauvignon Blanc 2013 OLD,655
1114,Tamaya Reserva Sauvignon Blanc 2014,655
1115,Tamaya Reserva Syrah 2010,656
1116,Tamaya Reserva Syrah 2011,656
1117,Tamaya Reserva Syrah 2013,656
1118,Tamaya Sweet Goat Late Harvest Muscat of Alexandria 2010,657
1119,Tamaya Sweet Goat Late Harvest Muscat of Alexandria 2011,657
1120,Tamaya Winemakers Gran Reserva Cabernet Sauvignon 2010,658
1121,Tamaya Winemakers Gran Reserva Cabernet Sauvignon 2011,658
1122,Tamaya Winemakers Gran Reserva Carménère 2010,659
1123,Tamaya Winemakers Gran Reserva Carménère 2010 Perth,659
1124,Tamaya Winemakers Gran Reserva Carménère 2011,659
1125,Tamaya Winemakers Gran Reserva Carménère 2011 Perth,659
1126,Tamaya Winemakers Gran Reserva Chardonnay 2011,660
1127,Tamaya Winemakers Gran Reserva Sauvignon Blanc 2011,661
1128,Tasting Notes,662
1129,Tempranillo Showdown Original 12 Pack,663
1130,Tempranillo Showdown Original 6 Pack,664
1131,Tempranillo Showdown Premium 6 Pack,665
1132,Terra de Falanis BLA BLA BLA Premsal 2012,666
1133,Terra de Falanis BLA BLA BLA Premsal 2013,666
1134,Terra de Falanis BLA BLA BLA Premsal 2013 Perth,666
1135,Terra de Falanis MUAC! Blend 2010,667
1136,Terra de Falanis MUAC! Blend 2011,667
1137,Terra de Falanis PLIC PLIC PLIC Samsó Garnatxa 2009,668
1138,Terra de Falanis PLIC PLIC PLIC Samsó Garnatxa 2010,668
1139,Terra de Falanis PLIC PLIC PLIC Samsó Garnatxa 2010 Perth Screw Cap,668
1140,Terra de Falanis PLIC PLIC PLIC Samsó Garnatxa 2010 Screw Cap,668
1141,Terra de Falanis PLIC PLIC PLIC Samsó Garnatxa 2013,668
1142,TEST PRODUCT,669
1143,Training Services,670
1144,Tricó Tabla de Sumar Albariño 2011,673
1145,Tricó Tabla de Sumar Albariño 2013,673
1146,Tricó TRICÓ Albariño (1500ml) 2011,672
1147,Tricó TRICÓ Albariño 2009,671
1148,Tricó TRICÓ Albariño 2011,671
1149,Tukma Gran Reserva Torrontés 2011,674
1150,Tukma Gran Reserva Torrontés 2014,674
1151,Tukma Reserva Malbec 2010,675
1152,Tukma Reserva Malbec 2011,675
1153,Tukma Reserva Malbec 2011 Perth,675
1154,Tukma Reserva Malbec 2013,675
1155,Tukma Reserva Torrontés 2012,676
1156,Tukma Reserva Torrontés 2014,676
1157,UFW Wine Training Booklet,677
1158,Uruguay Deluxe Full Dozen,678
1159,Uruguay Deluxe Half Dozen,679
1160,Uruguay Finest Full Dozen,680
1161,Uruguay Finest Half Dozen,681
1162,Uruguay Mixed Full Dozen,682
1163,Uruguay Mixed Half Dozen,683
1164,Uruguay RED Full Dozen,684
1165,Uruguay Water,685
1166,Value Christmas Mixed Selection,686
1167,Viña Haras de Pirque ALBIS Cabernet Sauvignon Carménère 2005,687
1168,Viña Haras de Pirque Equus Cabernet Sauvignon 2010,688
1169,Viña Haras de Pirque Equus Carménère 2011,689
1170,Viña Haras de Pirque Equus Sauvignon Blanc 2011,690
1171,Viña Haras de Pirque Haras Character Blend 2008,691
1172,Viña Haras de Pirque Haras Character Chardonnay 2011,692
1173,Viña Haras de Pirque Haras Character Syrah 2009,693
1174,Viña Haras de Pirque Haras Elegance Cabernet Sauvignon 2008,694
1175,Viña Quintay Clava Coastal Reserve Cabernet Sauvignon 2011,695
1176,Viña Quintay Clava Coastal Reserve Cabernet Sauvignon 2011 Perth,695
1177,Viña Quintay Clava Coastal Reserve Cabernet Sauvignon 2012,695
1178,Viña Quintay Clava Coastal Reserve Carménère 2010,696
1179,Viña Quintay Clava Coastal Reserve Carménère 2012,696
1180,Viña Quintay Clava Coastal Reserve Carménère 2013,696
1181,Viña Quintay Clava Coastal Reserve Carménère 2013 OLD,696
1182,Viña Quintay Clava Coastal Reserve Carménère 2014,696
1183,Viña Quintay Clava Coastal Reserve Carménère TASTE,697
1184,Viña Quintay Clava Coastal Reserve Carménère TASTE 6-PACK,698
1185,Viña Quintay Clava Coastal Reserve Chardonnay 2010,699
1186,Viña Quintay Clava Coastal Reserve Chardonnay 2010 TASTE,700
1187,Viña Quintay Clava Coastal Reserve Chardonnay 2010 TASTE 6-PACK,701
1188,Viña Quintay Clava Coastal Reserve Chardonnay 2011,699
1189,Viña Quintay Clava Coastal Reserve Chardonnay 2013,699
1190,Viña Quintay Clava Coastal Reserve Chardonnay 2013 OLD,699
1191,Viña Quintay Clava Coastal Reserve Chardonnay 2013 Perth,699
1192,Viña Quintay Clava Coastal Reserve Chardonnay 2014,699
1193,Viña Quintay Clava Coastal Reserve Pinot Noir 2011,702
1194,Viña Quintay Clava Coastal Reserve Pinot Noir 2012,702
1195,Viña Quintay Clava Coastal Reserve Pinot Noir 2014,702
1196,Viña Quintay Clava Coastal Reserve Sauvignon Blanc 2011,703
1197,Viña Quintay Clava Coastal Reserve Sauvignon Blanc 2012,703
1198,Viña Quintay Clava Coastal Reserve Sauvignon Blanc 2013,703
1199,Viña Quintay Clava Coastal Reserve Sauvignon Blanc 2013 OLD,703
1200,Viña Quintay Clava Coastal Reserve Sauvignon Blanc 2013 Perth,703
1201,Viña Quintay Clava Coastal Reserve Sauvignon Blanc 2014,703
1202,Viña Quintay Clava Coastal Reserve Syrah 2011,704
1203,Viña Quintay Clava Coastal Reserve Syrah 2011 Perth,704
1204,Viña Quintay Clava Coastal Reserve Syrah 2012,704
1205,Viña Quintay Clava Coastal Reserve Syrah 2013,704
1206,Viña Quintay Q Gran Reserve Chardonnay 2011,705
1207,Viña Quintay Q Gran Reserve Chardonnay 2013,705
1208,Viña Quintay Q Gran Reserve Pinot Noir 2010,706
1209,Viña Quintay Q Gran Reserve Pinot Noir 2011,706
1210,Viña Quintay Q Gran Reserve Pinot Noir 2012,706
1211,Viña Quintay Q Gran Reserve Pinot Noir 2013,706
1212,Viña Quintay Q Gran Reserve Pinot Noir 2014,706
1213,Viña Quintay Q Gran Reserve Pinot Noir Rosé 2011,707
1214,Viña Quintay Q Gran Reserve Sauvignon Blanc 2011,708
1215,Viña Quintay Q Gran Reserve Syrah 2011,709
1216,Viña Quintay Q Gran Reserve Syrah 2012,709
1217,Viñedo de los Vientos Alcyone Dessert Tannat NV,710
1218,Viñedo de los Vientos Alcyone Reserva Tannat de Grappa 2007,711
1219,Viñedo de los Vientos Angel's Cuvée Ripasso de Tannat 2007,712
1220,Viñedo de los Vientos Catarsis Cabernet Sauvignon Tannat 2008,713
1221,Viñedo de los Vientos Eolo Gran Reserva Tannat Ruby Cabernet 2008,714
1222,Viñedo de los Vientos Estival White Blend 2011,715
1223,Viñedo de los Vientos Estival White Blend 2012,715
1224,Viñedo de los Vientos Estival White Blend 2012 Perth,715
1225,Viñedo de los Vientos Tannat 2008,716
1226,Vivanco Blanco 2011,717
1227,Vivanco Blanco 2012,717
1228,Vivanco Blanco 2013,717
1229,Vivanco Blanco 2014,717
1230,Vivanco Blanco 2015,717
1231,Vivanco Colección 4 Varietals Red Blend 2009,718
1232,Vivanco Colección Parcelas de Garnacha 2008,719
1233,Vivanco Colección Parcelas de Graciano 2007,720
1234,Vivanco Colección Parcelas de Mazuelo 2010,721
1235,Vivanco Selección de Familia Crianza Tempranillo 2008,722
1236,Vivanco Selección de Familia Crianza Tempranillo 2009,722
1237,Vivanco Selección de Familia Crianza Tempranillo 2009 Perth,722
1238,Vivanco Selección de Familia Crianza Tempranillo 2011,722
1239,Vivanco Selección de Familia Crianza Tempranillo 2012,722
1240,Vivanco Selección de Familia Reserva Tempranillo 2005,723
1241,Vivanco Selección de Familia Reserva Tempranillo 2007,723
1242,Vivanco Tempranillo Garnacha Rosat 2011,724
1243,Vivanco Tempranillo Garnacha Rosat 2013,724
1244,Vivanco Tempranillo Garnacha Rosat 2015,724
1245,Vizcarra 15 Meses Tinto Fino 2009,725
1246,Vizcarra 15 Meses Tinto Fino 2012,725
1247,Vizcarra Celia Tinto Fino 2008,726
1248,Vizcarra Inés Tinto Fino 2008,727
1249,Vizcarra Senda del Oro Tinto Fino 2010,728
1250,Vizcarra Senda del Oro Tinto Fino 2013,728
1251,Vizcarra Torralvo Tinto Fino 2006,729
1252,VOID Nestares Eguízabal Segares Las Llecas Semicrianza Tempranillo 2013,730
1253,Warehouse Sale 12 - 17 LUC - $100LUC,731
1254,Warehouse Sale 17 - 27 LUC - $150LUC,732
1255,Warehouse Sale 27+ LUC - $250LUC,733
1256,WET Exempt Record,734
1257,WINE CLUB Winemaker's Selection $250 12 Pack,735
1258,WINE CLUB Winemaker's Selection $250 6 Pack,736
1259,WINE CLUB Winemaker's Selection $500 12 Pack,737
1260,WINE CLUB Winemaker's Selection $500 6 Pack,738
1261,Wine Map - Specify Country's in notes,739
1262,"Wrong Product - ""UFW Mispick Account""",740
1263,Yzaguirre Sangría Mar y Sol (1000ml),741
1264,Yzaguirre Vermouth Blanco Reserva Dry (1000ml),742
1265,Yzaguirre Vermouth Clásico Blanco (1000ml),743
1266,Yzaguirre Vermouth Clásico Rojo (1000ml),744
1267,Yzaguirre Vermouth Clásico Rose (1000ml),745
1268,Yzaguirre Vermouth Rojo Reserva (1000ml),746
