id,name
1,AALTO PS Tinto Fino
2,AALTO Tinto Fino
3,Achaval Ferrer Cabernet Sauvignon Mendoza
4,Achaval Ferrer Finca Altamira Malbec
5,Achaval Ferrer Finca Altamira Malbec (1500ml)
6,Achaval Ferrer Finca Bella Vista Malbec
7,Achaval Ferrer Finca Bella Vista Malbec (1500ml)
8,Achaval Ferrer Finca Mirador Malbec
9,Achaval Ferrer Malbec Mendoza
10,Achaval Ferrer Quimera Blend
11,Adjustment
12,Altanza Artist Collection Dalí Reserva Tempranillo
13,Altanza Artist Collection Gaudí Reserva Tempranillo
14,Altanza Club Lealtanza Reserva Tempranillo
15,Altanza Edulis Blanco Sauvignon Blanc
16,Altanza Edulis Crianza Tempranillo
17,Altanza Edulis Crianza Tempranillo (1500ml)
18,Altanza Edulis Crianza Tempranillo (375ml)
19,Altanza Edulis Gran Reserva Tempranillo
20,Altanza Edulis Reserva Tempranillo
21,Altanza Edulis Reserva Tempranillo (1500ml)
22,Altanza Edulis Reserva Tempranillo (3000ml)
23,Altanza Edulis Reserva Tempranillo (375ml)
24,Altanza Edulis Reserva Tempranillo (5000ml)
25,Altanza Edulis Tempranillo
26,Altanza Edulis Tempranillo Rosé
27,Altanza Edulis Vendimia Seleccionada Tempranillo
28,Altas Cumbres Mixed Half Dozen
29,Alto de la Ballena Cabernet Franc Merlot Rosé
30,Alto de la Ballena Red Blend
31,Alto de la Ballena Reserva Cabernet Franc 
32,Alto de la Ballena Reserva Tannat Viognier
33,"Alto de la Ballena Tannat, Merlot and Cabernet Franc"
34,Altocedro Año Cero Cabernet Sauvignon
35,Altocedro Año Cero Malbec
36,Altocedro Año Cero Pinot Noir
37,Altocedro Año Cero Tempranillo
38,Altocedro Gran Reserva Malbec
39,Altocedro Reserva Malbec
40,Amayna Barrel Fermented Sauvignon Blanc
41,Amayna Boya Chardonnay
42,Amayna Boya Pinot Noir 
43,Amayna Boya Sauvignon Blanc
44,Amayna Boya Syrah
45,Amayna Chardonnay
46,Amayna Pinot Noir 
47,Amayna Sauvignon Blanc
48,Amayna Syrah
49,Ànima Negra ÀN Callet 
50,Ànima Negra ÀN Callet (1500ml) 
51,Ànima Negra ÀN Callet (3000ml) 
52,Ànima Negra ÀN/2 Blend
53,Ànima Negra ÀN/2 Blend 1500 ml
54,Ànima Negra Quibia Premsal Callet
55,Ànima Negra Son Negre Callet 
56,Ànima Negra Son Negre Callet (1500ml) 
57,APRON Altanza
58,Aquitania Cabernet Sauvignon Syrah Rosé
59,Aquitania Lazuli Cabernet Sauvignon
60,Aquitania Reserva Cabernet Sauvignon
61,Aquitania Reserva Cabernet Sauvignon (375ml)
62,Aquitania Reserva Carménère
63,Aquitania Reserva Syrah
64,Aquitania SOLdeSOL Chardonnay
65,Aquitania SOLdeSOL Pinot Noir
66,Argentina Deluxe Full Dozen
67,Argentina Deluxe Half Dozen
68,Argentina Finest Full Dozen
69,Argentina Finest Half Dozen
70,Argentina Mixed Full Dozen
71,Argentina Mixed Half Dozen
72,Argentina RED Full Dozen
73,Argentina RED Half Dozen
74,Argentina's Finest Mixed Dozen
75,Argentina's Finest Mixed Half Dozen
76,Argentinian & Spanish Fundraising Mixed Dozen
77,Argentinian & Spanish Fundraising Premium Mixed Dozen
78,Argentinian Mixed Dozen
79,Argentinian Mixed Half Dozen
80,Argentinian Mixed Reds Full Dozen
81,Argentinian Mixed Reds Half Dozen
82,Argentinian Premium Mixed Dozen
83,Argentinian Premium Mixed Half Dozen
84,Argentinian White Wine Selection Dozen
85,Argentinian White Wine Selection Half Dozen
86,Athenaeum Club August Mixed Dozen
87,Athenaeum Club October Spanish Mixed Dozen
88,BAG Lagarde
89,BANNER Giro Ribot UFW - LOAN ONLY
90,BANNER Juve y Camps SDF - LOAN ONLY
91,BANNER Paco Garcia UFW - LOAN ONLY
92,BANNER Terra de Falanis BL BLA BLA - LOAN ONLY
93,BANNER Terra de Falanis MUAC - LOAN ONLY
94,BANNER UFW branded mountains - LOAN ONLY
95,BANNER UFW branded with logos - LOAN ONLY
96,BANNER Vinedo de los Vientos UFW - LOAN ONLY
97,Bouza A8 Unique Parcel Tannat 
98,Bouza Albarin?o 
99,Bouza B15 Unique Parcel Tempranillo 
100,Bouza B6 Unique Parcel Tannat 
101,Bouza B9 Unique Parcel Merlot 
102,Bouza Chardonnay 
103,Bouza Clásico Tannat
104,Bouza Monte  Vide Eu Red Blend
105,Bouza Old Vine Merlot Tannat 
106,BOX Achaval Ferrer 2 bottle
107,BOX Lagarde Altas medium
108,BOX Lagarde medium
109,BOX Lagarde medium Cab Mal
110,BOX Lagarde small
111,BOX Lagarde small Cab
112,BOX Maquis 1 btl
113,BOX Maquis 2tl
114,BOX Paco Garcia 3btl
115,BOX Paul Cheneau 1 btl
116,BOX Quintay 1 btl
117,BUCKET Giro Ribot
118,BUCKET Paul Cheneau
119,Caelum Cabernet Sauvignon
120,Caelum Chardonnay
121,Caelum Malbec
122,Caelum Malbec Cabernet Sauvignon Rosado
123,Caelum Nuvola Dolce Appassito Sweet Malbec (375ml)
124,Caelum Reserva Cabernet Sauvignon
125,Caelum Reserva Chardonnay
126,Caelum Reserva Fiano
127,Caelum Reserva Malbec
128,Caelum Torrontés
129,Camilo Castilla Capricho de Goya Moscatel (500ml)
130,Camilo Castilla Goya Blanco Dulce Moscatel (500ml)
131,Camilo Castilla Goya Moscatel
132,Camilo Castilla Goya Moscatel (375ml)
133,Camilo Castilla Montecristo Blanco Dulce Moscatel
134,Camilo Castilla Rayo de Sol Moscatel
135,Carrau 1752 Gran Tradicion Petit Manseng
136,Carrau 1752 Gran Tradicion Red Blend
137,Carrau AMAT Tannat
138,Carrau Cabernet Sauvignon de Reserva
139,Carrau Chardonnay de Reserva
140,Carrau Juan Carrau Cabernet Sauvignon
141,Carrau Juan Carrau Chardonnay
142,Carrau Juan Carrau Merlot
143,Carrau Juan Carrau Sauvignon Blanc
144,Carrau Juan Carrau Tannat
145,Carrau Pinot Noir de Reserva
146,Carrau Sur Lie Sauvignon Blanc
147,Carrau Tannat de Reserva
148,Carrau Tannat Saignée Rosé
149,Carrau VILASAR Old Vine Nebbiolo
150,Carrau YSERN Cabernet Cabernet
151,Carrau YSERN Tannat Tannat
152,Casa Marín Cartagena Estate Grown Gewürztraminer
153,Casa Marín Cartagena Estate Grown Riesling
154,Casa Marín Cartagena Estate Grown Sauvignon Blanc
155,Casa Marín Cartagena Tres Vin?edos Pinot Noir
156,Casa Marín Casona Vineyard Gewürztraminer
157,Casa Marín Cipreses Vineyard Sauvignon Blanc
158,Casa Marín Estero Vineyard Sauvignon Gris
159,Casa Marín Laurel Vineyard Sauvignon Blanc
160,Casa Marín Lo Abarca Hills Vineyard Pinot Noir
161,Casa Marín Miramar Vineyard Riesling
162,Casa Marín Miramar Vineyard Syrah
163,Castaño Chardonnay Macabeo
164,Castaño Ecológico Organic Monastrell
165,Castaño GSM (Garnacha Shiraz Monastrell)
166,Castaño Monastrell
167,Castaño Monastrell Dulce
168,Castaño Solanera Monastrell
169,Castell d'Encus Acusp Pinot Noir
170,Castell d'Encus Ekam Riesling Albariño  
171,Castell d'Encus Quest Blend 
172,Castell d'Encus Taleia Sauvignon Blanc Semillon  
173,Castell d'Encus Thalarn Syrah 
174,Castillo Viejo Catamayor Cabernet Franc Rosé
175,Castillo Viejo Catamayor Cabernet Sauvignon
176,Castillo Viejo Catamayor Chardonnay
177,Castillo Viejo Catamayor Grand Tannat  
178,Castillo Viejo Catamayor Grand Vin Tannat Tempranillo
179,Castillo Viejo Catamayor Reserva Cabernet Sauvignon
180,Castillo Viejo Catamayor Reserva de la Familia Cabernet Sauvignon 
181,Castillo Viejo Catamayor Reserva de la Familia Pinot Noir
182,Castillo Viejo Catamayor Reserva de la Familia Sauvignon Blanc 
183,Castillo Viejo Catamayor Reserva de la Familia Tannat
184,Castillo Viejo Catamayor Reserva Tannat 
185,Castillo Viejo Catamayor Reserva Tannat Cabernet Franc
186,Castillo Viejo Catamayor Sauvignon Blanc
187,Castillo Viejo Catamayor Tannat
188,Castillo Viejo Gran Reserva El Preciado Blend 
189,Celler Credo Aloers Xarel.lo
190,Celler Credo Can Credo Xarel.lo
191,Celler Credo Capficat Xarel.lo
192,Celler Credo Estrany Xarel.lo
193,Celler Credo Miranius Xarel.lo
194,Chile Deluxe Full Dozen
195,Chile Deluxe Half Dozen
196,Chile Finest Full Dozen
197,Chile Finest Half Dozen
198,Chile Mixed Full Dozen
199,Chile Mixed Half Dozen
200,Chile RED Full Dozen
201,Chile RED Half Dozen
202,Conde de San Cristóbal Tinta Fina
203,Contador La Cueva Del Contador Tempranillo
204,Contador La Viña de Andrés Romeo Tempranillo
205,Contador Macizo Xarel.lo Garnacha Blanca
206,Contador Predicador Tempranillo
207,Contador Tempranillo 
208,Contador Tempranillo Garnacha
209,Copy of Caelum Malbec
210,CORK Castano
211,CORK Giro Ribot
212,CORK Juve y Camps
213,CORK Millaman
214,CORK Neo
215,CORK Paco Garcia
216,CORK Sant Josep
217,CORK Tamaya
218,Corked/Faulty Wine Replacement - see notes for description
219,Courier Delivery Fee - Per 12 Pack - Bris/Gold Coast/Sunshine Coast
220,Courier Delivery Fee - Per 12 pack - Syd/Adel/Hobart
221,Courier Delivery Fee - Per 6 Pack - Bris/Gold Coast/Sunshine Coast
222,Courier Delivery Fee - Per 6 pack - Syd/Adel/Hobart
223,Courier Delivery Fee - Per Box - Melbourne
224,Courier Delivery Fee - Per Box - Perth
225,Courier Pick Fee Per Order (3 doz max)
226,Credit Application
227,Customer Cards
228,Damaged Stock - Adelaide
229,Damaged Stock - Brisbane
230,Damaged Stock - Hobart
231,Damaged Stock - Melbourne
232,Damaged Stock - Perth
233,Damaged Stock - Sydney
234,DISPLAY A1 Corflute Sign SOUTH AMERICA - LOAN ONLY
235,DISPLAY A1 foam boards - LOAN ONLY
236,DISPLAY Hessian - LOAN ONLY
237,DISPLAY Paco Garcia
238,DISPLAY Plastic stand A3 landscape - LOAN ONLY
239,DISPLAY Plastic stand A3 portrait - LOAN ONLY
240,DISPLAY Plastic stand A4 portrait - LOAN ONLY
241,DISPLAY stick(s)/ wood - LOAN ONLY
242,DISPLAY Stones - LOAN ONLY
243,DISPLAY Tablecloth Mi Terruno - LOAN ONLY
244,DM -  Chile Deluxe Half Dozen
245,DM - Argentina Deluxe Full Dozen
246,DM - Argentina Deluxe Half Dozen
247,DM - Argentina Finest Full Dozen
248,DM - Argentina Finest Half Dozen
249,DM - Argentina Mixed Full Dozen
250,DM - Argentina Mixed Half Dozen
251,DM - Argentina RED Full Dozen
252,DM - Argentina RED Half Dozen
253,DM - Chile Deluxe Full Dozen
254,DM - Chile Finest Full Dozen
255,DM - Chile Finest Half Dozen
256,DM - Chile Mixed Full Dozen
257,DM - Chile Mixed Half Dozen
258,DM - Chile RED Full Dozen
259,DM - Chile RED Half Dozen
260,DM - El Porvenir Amauta I InspiraciÃ³n Malbec Cabernet Sauvignon Syrah 2011
261,DM - El Porvenir Amauta III ReflexiÃ³n Malbec Cabernet Sauvignon 2013
262,DM - Malbec Mixed Full Dozen
263,DM - Malbec Mixed Half Dozen
264,DM - Mendel Malbec 2013
265,DM - Mi Terruno Reserva Malbec 2013
266,DM - Spain Deluxe Full Dozen
267,DM - Spain Deluxe Half Dozen
268,DM - Spain Finest Full Dozen
269,DM - Spain Finest Half Dozen
270,DM - Spain Mixed Full Dozen
271,DM - Spain Mixed Half Dozen
272,DM - Spain RED Full Dozen
273,DM - Spain RED Half Dozen
274,DM - Tukma Reserva Malbec 2013
275,DM - Uruguay Deluxe Full Dozen
276,DM - Uruguay Deluxe Half Dozen
277,DM - Uruguay Finest Full Dozen
278,DM - Uruguay Finest Half Dozen
279,DM - Uruguay Mixed Full Dozen
280,DM - Uruguay Mixed Half Dozen
281,DM - Uruguay RED Full Dozen
282,DM - Uruguay RED Half Dozen
283,DRIP catcher Millaman
284,DRIP catcher Nestares Eguizabel
285,DUMMY Juve y Camps Magnum
286,DUMMY Paco Garcia Crianza 5L.
287,DUMMY Vivanco Crianza 5L.
288,Durón Crianza Tinta del País Cab Sav
289,Durón Reserva Blend
290,El Porvenir Amauta I Inspiración Malbec Cabernet Sauvignon Syrah
291,El Porvenir Amauta II Respeto Cabernet Sauvignon Merlot
292,El Porvenir Amauta III Reflexión Malbec Cabernet Sauvignon
293,El Porvenir Icono Red Blend 
294,El Porvenir Laborum Single Vineyard Cabernet Sauvignon
295,El Porvenir Laborum Single Vineyard Late Harvest Torrontés
296,El Porvenir Laborum Single Vineyard Malbec
297,El Porvenir Laborum Single Vineyard Syrah
298,El Porvenir Laborum Single Vineyard Tannat
299,El Porvenir Laborum Single Vineyard Torrontés
300,Elk & Pea - Amayna Boya Pinot Noir 2012 WS
301,Elk & Pea - Castillo Viejo Catamayor Tannat 2013 WS
302,Elk & Pea - Gimenez Mendez Alta Reserva Sauvignon Blanc 2012 WS
303,Elk & Pea - Martinez Corta Cepas Antiguas Tempranillo 2014 WS
304,Elk & Pea - Mi TerruÃ±o Uvas Chardonnay 2013 WS
305,Elk & Pea - Mi TerruÃ±o Uvas Malbec 2014 WS
306,Elk & Pea - Renacer Punto Final Malbec RosÃ© 2012 WS
307,Elk & Pea - Sant Josep Clot d'EncÃ­s Garnacha Blanc 2014 WS
308,Enrique Foster Edicion Limitada Malbec
309,Enrique Foster Firmado Malbec
310,Enrique Foster Fortificado Malbec
311,Enrique Foster IQUE Malbec
312,Enrique Foster IQUE Malbec (375ml)
313,Enrique Foster PINK Malbec Rosé
314,Enrique Foster Reserva Malbec
315,Enrique Foster Reserva Malbec (375ml)
316,Enrique Foster Sparkling Blanc de Noir Malbec
317,Enrique Foster Terruño Lunlunta Malbec
318,Enrique Foster Terruño Vistalba Malbec
319,Enrique Foster Venetia Sparkling Blanc de Noir Malbec
320,EXCLUSIVE OFFER Hand Selected South America 12 Pack
321,EXCLUSIVE OFFER Hand Selected South America 6 Pack
322,EXCLUSIVE OFFER Hand Selected Spain 12 Pack
323,EXCLUSIVE OFFER Hand Selected Spain 6 Pack
324,Finca Egomei EGOMEI ALMA Tempranillo Graciano
325,Finca Egomei EGOMEI Tempranillo Graciano
326,GEN Metal card holder
327,Gimenez Mendez Alta Reserva Cabernet Sauvignon 
328,Gimenez Mendez Alta Reserva Pinot Noir 
329,Gimenez Mendez Alta Reserva Sauvignon Blanc 
330,Gimenez Mendez Alta Reserva Syrah 
331,Gimenez Mendez Alta Reserva Tannat
332,Gimenez Mendez Alta Reserva Tannat Rosé 
333,Gimenez Mendez Alta Reserva Torrontés 
334,Gimenez Mendez IDENTITY Blend 
335,Gimenez Mendez Late Harvest Chardonnay Viognier (375ml)
336,Gimenez Mendez LYM Tannat 
337,Gimenez Mendez Premium Tannat 
338,Gimenez Mendez PUZZLE Blend 
339,Giró Ribot Avant Brut Reserva Cava
340,Giró Ribot Blanc de Blancs
341,Giró Ribot Blanc de Blancs TASTE
342,Giró Ribot Blanc de Blancs TASTE 6-PACK
343,Giró Ribot Brut Nature Gran Reserva Cava
344,Giró Ribot Brut Rosé Cava
345,Giró Ribot Mare Brut Nature Gran Reserva Cava
346,Giró Ribot Mare Brut Nature Gran Reserva Cava (1500ml)
347,Giró Ribot Miró Gold Cava
348,Giró Ribot Muscat de Frontignac
349,Giró Ribot Tendancias Extra Brut Cava
350,Gramona Cava Cuvee Gran Reserva Brut
351,Gramona Cava Imperial Gran Reserva Brut
352,Gramona Celler Batlle Gran Reserva Brut
353,Gramona Enoteca Reserva Brut Nature
354,Gramona Frisant de Gel Sparkling Gewürztraminer (350ml)
355,Gramona III Lustros Gran Reserva Brut Nature
356,Grifoll-Declara El Gos Blend
357,Grifoll-Declara Predicat Blend
358,Grifoll-Declara Tossals Blend
359,Grifoll-Declara Tossals Jr. Blend
360,Juan Carlos Sancha Ad Libitum Maturana Tinta
361,Juan Carlos Sancha Ad Libitum Tempranillo Blanco
362,Juan Carlos Sancha Peña el Gato Garnacha
363,Juvé y Camps Brut Reserva Blanc de Noir Pinot Noir Cava
364,Juvé y Camps Cinta Púrpura Brut Reserva Cava
365,Juvé y Camps Cinta Púrpura Brut Reserva Cava (375ml)
366,Juvé y Camps Ermita d'Espiells Blanc Flor
367,Juvé y Camps Ermita Pinot Noir Syrah Rosé
368,Juvé y Camps Gran Juvé Brut Reserva Cava
369,Juvé y Camps Milésime Brut Nature Chardonnay 
370,Juvé y Camps Miranda d'Espiells Chardonnay 
371,Juvé y Camps Pinot Noir Rosat Cava
372,Juvé y Camps Reserva de la Familia Brut Nature Gran Reserva Cava
373,Juvé y Camps Reserva de la Familia Brut Nature Gran Reserva Cava (1500ml)
374,Juvé y Camps Reserva de la Familia Brut Nature Gran Reserva Cava (3000ml)
375,Lagarde Altas Cumbres Cabernet Sauvignon
376,Lagarde Altas Cumbres Malbec
377,Lagarde Altas Cumbres Malbec (375ml)
378,Lagarde Altas Cumbres Sauvignon Blanc
379,Lagarde Altas Cumbres Sparkling
380,Lagarde Altas Cumbres Torrontés
381,Lagarde Altas Cumbres Viognier
382,Lagarde Blanc de Noir Rosé
383,Lagarde Cabernet Sauvignon
384,Lagarde Chardonnay
385,Lagarde Guarda Blend
386,Lagarde Guarda Cabernet Franc
387,Lagarde Guarda DOC Malbec
388,Lagarde Henry Cosecha Tardia Moscato (375ml)
389,Lagarde Henry Gran Guarda N°1 Blend
390,Lagarde Malbec
391,Lagarde Merlot
392,Lagarde Mixed Half Dozen
393,Lagarde Moscato
394,Lagarde Primeras Viñas Malbec
395,Lagarde Sauvignon Blanc
396,Lagarde Sparkling
397,Lagarde Syrah
398,Lagarde Viognier
399,Loma Larga Cabernet Franc
400,Loma Larga Chardonnay
401,Loma Larga Malbec
402,Loma Larga Merlot
403,Loma Larga Pinot Noir
404,Loma Larga Quinteto Blend
405,Loma Larga Rapsodia Blend
406,Loma Larga Sauvignon Blanc
407,Loma Larga Syrah
408,Luna Beberide Blanco Godello
409,Luna Beberide Tinto Mencía Joven
410,Luxury Christmas Mixed Selection
411,Maquis Cabernet Sauvignon
412,Maquis Carménère
413,Maquis Lien Blend
414,Maquis Malbec
415,Maquis Malbec Rosé
416,Marichal Chardonnay 
417,Marichal Grand Reserve Tannat 
418,Marichal Reserve Collection Chardonnay
419,Marichal Reserve Collection Pinot Noir 
420,Marichal Reserve Collection Pinot Noir Blanc de Noir Chardonnay Rosé
421,Marichal Reserve Collection Pinot Noir Tannat 
422,Marichal Reserve Collection Tannat
423,Marichal Sauvignon Blanc 
424,Marichal Tannat 
425,Marketing Promotion Flyer
426,Marqués de Vargas Hacienda Pradolagar Blend
427,Marqués de Vargas Reserva Blend
428,Marqués de Vargas Reserva Privada Blend
429,Martinez Corta Cepas Antiguas Blanco Viura Malvasia
430,Martinez Corta Cepas Antiguas Selección Privada Tempranillo
431,Martinez Corta Cepas Antiguas Tempranillo
432,Martinez Corta Crianza Tempranillo
433,Martinez Corta Selección Especial Tempranillo
434,Martinez Corta Semicrianza Tempranillo
435,Martinez Corta Soros Autor Tempranillo
436,Martinez Corta Soros Crianza Tempranillo
437,Mas Doix DOIX Carinyena Garnatxa
438,Mas Doix DOIX Carinyena Garnatxa (1500ml)
439,Mas Doix Les Crestes Blend
440,Mas Doix Les Crestes Blend (1500ml)
441,Mas Doix Salanques Blend
442,Mas Doix Salanques Blend (1500ml)
443,Mas Perinet Clos Maria Blanco
444,Mas Perinet Perinet + Blend
445,Mas Perinet Perinet Blend
446,Mauricio Lorca Fantasia Cabernet Sauvignon
447,Mauricio Lorca Fantasia Chardonnay
448,Mauricio Lorca Fantasia Malbec
449,Mauricio Lorca Fantasia Malbec (375ml)
450,Mauricio Lorca Fantasia Malbec Syrah
451,Mauricio Lorca Fantasia Sauvignon Blanc
452,Mauricio Lorca Fantasia Sparkling Blanc de Blanc Extra Brut
453,Mauricio Lorca Fantasia Torrontés
454,Mauricio Lorca Fantasia Torrontés (375ml)
455,Mauricio Lorca Gran Opalo Blend
456,Mauricio Lorca Gran Poetico Blend
457,Mauricio Lorca Gran Poetico Petit Verdot
458,Mauricio Lorca Opalo Cabernet Sauvignon
459,Mauricio Lorca Opalo Malbec
460,Mauricio Lorca Opalo Malbec (375ml) 
461,Mauricio Lorca Opalo Syrah
462,Mauricio Lorca Poetico Cabernet Sauvignon
463,Mauricio Lorca Poetico Malbec
464,Mauricio Lorca Poetico Malbec (375ml)
465,Mauricio Lorca Poetico Syrah
466,Mauricio Lorca Poetico Viognier
467,Mendel Cabernet Sauvignon
468,Mendel Finca Remota Malbec
469,Mendel Lunta Malbec
470,Mendel Malbec
471,Mendel Semillon
472,Mendel Unus Malbec Cabernet Sauvignon
473,Mi Terruño Expresión Cabernet Sauvignon
474,Mi Terruño Expresión Malbec
475,Mi Terruño Expresión Sauvignon Blanc
476,Mi Terruño Expresión Sparkling Extra Brut
477,Mi Terruño Limited Reserva Malbec Cabernet Sauvignon
478,Mi Terruño Limited Reserva Malbec Cabernet Sauvignon TASTE
479,Mi Terruño Limited Reserva Malbec Cabernet Sauvignon TASTE 6-PACK
480,Mi Terruño Mayacaba Malbec
481,Mi Terruño Mixed Dozen THE BOHEMIAN
482,Mi Terruño Reserva Bonarda
483,Mi Terruño Reserva Cabernet Franc
484,Mi Terruño Reserva Cabernet Sauvignon
485,Mi Terruño Reserva Chardonnay
486,Mi Terruño Reserva Malbec
487,Mi Terruño Uvas Bonarda
488,Mi Terruño Uvas Cabernet Sauvignon
489,Mi Terruño Uvas Chardonnay
490,Mi Terruño Uvas Malbec
491,Mi Terruño Uvas Malbec 12 Pack
492,Mi Terruño Uvas Malbec Rosé
493,Mi Terruño Uvas Natural Sweet Torrontés
494,Mi Terruño Uvas Syrah
495,Mi Terruño Uvas Tempranillo
496,Mi Terruño Uvas Torrontés
497,Millaman Condor Cabernet Sauvignon
498,Millaman Condor Cabernet Syrah Rosé
499,Millaman Condor Carménère
500,Millaman Condor Chardonnay
501,Millaman Condor Merlot
502,Millaman Condor Sauvignon Blanc
503,Millaman Estate Reserve Sauvignon Blanc
504,Millaman Limited Reserve Zinfandel
505,Mispicked Product
506,Monte Amán Reserva Tinta del País
507,Monte Amán Rosado
508,Monte Amán Tinto Roble 5 Meses Tinta del País
509,Narbona Luz de Luna Tannat
510,Narbona Pinot Noir 
511,Narbona Puerto Carmelo Sauvignon Blanc
512,Narbona Puerto Carmelo Tannat 
513,Narbona Tannat
514,Narbona Tannat Rosé 
515,Neo Disco Tinta Fina
516,Neo El Arte de Vivir Tinta Fina
517,Neo Primer Motivo Rueda Verdejo
518,Neo Punta Esencia Tinta Fina
519,Neo Sentido Tinta Fina
520,Neo Tercer Motivo Bierzo Mencía
521,Neo Tinta Fina
522,Neo Vivir Vivir Tinta Fina
523,Nestares Eguizábal Arzobispo Diego de Tejada Tempranillo
524,Nestares Eguizábal Segares Crianza Tempranillo
525,Nestares Eguizábal Segares Las Llecas Semicrianza Tempranillo
526,Nestares Eguizábal Segares Reserva Tempranillo
527,Nestares Eguizábal Segares Tempranillo
528,NOTES Castano Monastrell
529,O. Fournier Alfa Centauri Blend
530,O. Fournier Alfa Crux Blend
531,O. Fournier Alfa Crux Malbec
532,O. Fournier Alfa Spiga Tinta del País
533,O. Fournier B Crux Blend
534,O. Fournier B Crux Sauvignon Blanc
535,O. Fournier Blend
536,O. Fournier Centauri Blend
537,O. Fournier Centauri Sauvignon Blanc
538,O. Fournier Spiga Tinta del País
539,O. Fournier Syrah Cabernet Sauvignon
540,O. Fournier Syrah Malbec
541,O. Fournier Tinta del País
542,O. Fournier Urban Maule Blend
543,O. Fournier Urban Maule Cabernet Sauvignon
544,O. Fournier Urban Ribera Tinta del País
545,O. Fournier Urban Uco Malbec
546,O. Fournier Urban Uco Malbec Tempranillo
547,O. Fournier Urban Uco Sauvignon Blanc
548,O. Fournier Urban Uco Tempranillo
549,O. Fournier Urban Uco Torrontés
550,Ossian Capitel Verdejo
551,Ossian OSSIAN Verdejo
552,Ossian Quintaluna Verdejo
553,Paco García Beautiful Things Tempranillo
554,Paco García Crianza Tempranillo
555,Paco García Crianza Tempranillo 2010 TASTE
556,Paco García Crianza Tempranillo TASTE 6-PACK
557,Paco García Junior Tempranillo
558,Paco García Seis Tempranillo
559,Paul Cheneau Gaudi Brut Cava
560,Paul Cheneau Gold Bubbles Brut Cava
561,Paul Cheneau Gold Bubbles Cava TASTE
562,Paul Cheneau Gold Bubbles Cava TASTE 6-PACK
563,Paul Cheneau Lady of Spain Brut Cava
564,Pazo San Mauro Albariño
565,Pazo San Mauro Sanamaro Albariño
566,PEN Millaman
567,PEN Tamaya
568,Pizzorno Don Próspero Cabernet Sauvignon
569,Pizzorno Don Próspero Pinot Noir 
570,Pizzorno Don Próspero Sauvignon Blanc
571,Pizzorno Don Próspero Tannat
572,Pizzorno Don Próspero Tannat Merlot
573,Pizzorno Primo Tannat Cabernet Sauvignon Petit Verdot
574,Pizzorno Reserva Blend
575,Pizzorno Reserva Tannat
576,Portfolios - Price Lists
577,POSTER Juve y Camps
578,Premium Christmas Mixed Selection
579,Recaredo Brut de Brut Gran Reserva Brut Nature Cava
580,Recaredo Brut Nature Gran Reserva Cava 
581,Recaredo Reserva Particular Brut Nature Gran Reserva Cava
582,Recaredo TURO D’EN MOTA Cava 
583,Renacer Allegrini + Renacer Enamore Blend
584,Renacer Malbec
585,Renacer Punto Final Clásico Malbec
586,Renacer Punto Final Malbec Rosé
587,Renacer Punto Final Reserva Malbec
588,Renacer Punto Final Single Vineyard Cabernet Sauvignon 
589,Romance Selection Full Dozen
590,Romance Selection Half Dozen
591,Sant Josep Clot d'Encís Garnacha Blanc
592,Sant Josep Clot d'Encís Garnacha Negre
593,Sant Josep Clot d'Encís Syrah Rosat
594,Sant Josep Llàgrimes de Tardor Blend
595,Sant Josep Llàgrimes de Tardor Garnacha Blanc
596,Sant Josep Llàgrimes de Tardor Mistela Vi de Licor Garnacha Blanc
597,Sant Josep Llàgrimes de Tardor Mistela Vi de Licor Garnacha Negre
598,Sant Josep Llàgrimes de Tardor Selecció Blend
599,Shelf Talkers - Specify what in notes
600,Shipping
601,Solar de Samaniego Crianza Tempranillo
602,Solar de Samaniego Reserva Tempranillo
603,Spain Deluxe Full Dozen
604,Spain Deluxe Half Dozen
605,Spain Finest Full Dozen
606,Spain Finest Half Dozen
607,Spain Mixed Full Dozen
608,Spain Mixed Half Dozen
609,Spain RED Full Dozen
610,Spain RED Half Dozen
611,STOP Drop Maquis
612,STOP Drop Tamaya
613,STOP Giro Ribot
614,STOP Gramona
615,STOP Juve y Camps
616,Tamaya Pink Goat Syrah Malbec Rosé
617,Tamaya Reserva Cabernet Sauvignon
618,Tamaya Reserva Carménère
619,Tamaya Reserva Malbec Cabernet Sauvignon Syrah
620,Tamaya Reserva Malbec Cabernet Sauvignon Syrah (1500ml)
621,Tamaya Reserva Malbec Cabernet Sauvignon Syrah (3L)
622,Tamaya Reserva Malbec Cabernet Sauvignon Syrah (5L)
623,Tamaya Reserva Sauvignon Blanc
624,Tamaya Reserva Syrah
625,Tamaya Sweet Goat Late Harvest Muscat of Alexandria
626,Tamaya Winemakers Gran Reserva Cabernet Sauvignon
627,Tamaya Winemakers Gran Reserva Carménère
628,Tamaya Winemakers Gran Reserva Chardonnay
629,Tamaya Winemakers Gran Reserva Sauvignon Blanc
630,Tasting Notes
631,Tempranillo Showdown Original 12 Pack
632,Tempranillo Showdown Original 6 Pack
633,Tempranillo Showdown Premium 6 Pack
634,Terra de Falanis BLA BLA BLA Premsal
635,Terra de Falanis MUAC! Blend
636,Terra de Falanis PLIC PLIC PLIC Samsó Garnatxa
637,TEST PRODUCT
638,Training Services
639,TRICÓ Albariño
640,TRICÓ Albariño (1500ml)
641,Tricó Tabla de Sumar Albariño
642,Tukma Gran Reserva Torrontés
643,Tukma Reserva Malbec
644,Tukma Reserva Torrontés
645,UFW Wine Training Booklet
646,Uruguay Deluxe Full Dozen
647,Uruguay Deluxe Half Dozen
648,Uruguay Finest Full Dozen
649,Uruguay Finest Half Dozen
650,Uruguay Mixed Full Dozen
651,Uruguay Mixed Half Dozen
652,Uruguay RED Full Dozen
653,Uruguay Water
654,Value Christmas Mixed Selection
655,Viña Haras de Pirque ALBIS Cabernet Sauvignon Carménère
656,Viña Haras de Pirque Equus Cabernet Sauvignon
657,Viña Haras de Pirque Equus Carménère
658,Viña Haras de Pirque Equus Sauvignon Blanc
659,Viña Haras de Pirque Haras Character Blend
660,Viña Haras de Pirque Haras Character Chardonnay
661,Viña Haras de Pirque Haras Character Syrah
662,Viña Haras de Pirque Haras Elegance Cabernet Sauvignon
663,Viña Quintay Clava Coastal Reserve Cabernet Sauvignon
664,Viña Quintay Clava Coastal Reserve Carménère
665,Viña Quintay Clava Coastal Reserve Carménère TASTE
666,Viña Quintay Clava Coastal Reserve Carménère TASTE 6-PACK
667,Viña Quintay Clava Coastal Reserve Chardonnay
668,Viña Quintay Clava Coastal Reserve Chardonnay 2010 TASTE
669,Viña Quintay Clava Coastal Reserve Chardonnay 2010 TASTE 6-PACK
670,Viña Quintay Clava Coastal Reserve Pinot Noir
671,Viña Quintay Clava Coastal Reserve Sauvignon Blanc
672,Viña Quintay Clava Coastal Reserve Syrah
673,Viña Quintay Q Gran Reserve Chardonnay
674,Viña Quintay Q Gran Reserve Pinot Noir
675,Viña Quintay Q Gran Reserve Pinot Noir Rosé
676,Viña Quintay Q Gran Reserve Sauvignon Blanc
677,Viña Quintay Q Gran Reserve Syrah
678,Viñedo de los Vientos Alcyone Dessert Tannat
679,Viñedo de los Vientos Alcyone Reserva Tannat de Grappa
680,Viñedo de los Vientos Angel's Cuvée Ripasso de Tannat
681,Viñedo de los Vientos Catarsis Cabernet Sauvignon Tannat 
682,Viñedo de los Vientos Eolo Gran Reserva Tannat Ruby Cabernet
683,Viñedo de los Vientos Estival White Blend 
684,Viñedo de los Vientos Tannat 
685,Vivanco Blanco
686,Vivanco Colección 4 Varietals Red Blend
687,Vivanco Colección Parcelas de Garnacha
688,Vivanco Colección Parcelas de Graciano
689,Vivanco Colección Parcelas de Mazuelo
690,Vivanco Selección de Familia Crianza Tempranillo
691,Vivanco Selección de Familia Reserva Tempranillo
692,Vivanco Tempranillo Garnacha Rosat
693,Vizcarra 15 Meses Tinto Fino
694,Vizcarra Celia Tinto Fino
695,Vizcarra Inés Tinto Fino
696,Vizcarra Senda del Oro Tinto Fino
697,Vizcarra Torralvo Tinto Fino
698,Warehouse Sale 12 - 17 LUC - $100LUC
699,Warehouse Sale 17 - 27 LUC - $150LUC
700,Warehouse Sale 27+ LUC - $250LUC
701,WET Exempt Record
702,WINE CLUB Winemaker's Selection $250 12 Pack
703,WINE CLUB Winemaker's Selection $250 6 Pack
704,WINE CLUB Winemaker's Selection $500 12 Pack
705,WINE CLUB Winemaker's Selection $500 6 Pack
706,Wine Map - Specify Country's in notes
707,"Wrong Product - ""UFW Mispick Account"""
708,Yzaguirre Sangría Mar y Sol (1000ml)
709,Yzaguirre Vermouth Clásico Blanco (1000ml)
710,Yzaguirre Vermouth Clásico Rojo (1000ml)
711,Yzaguirre Vermouth Clásico Rose (1000ml)
712,Yzaguirre Vermouth Rojo Reserva (1000ml)
713,Gift Wrapping
